co2_emissions,energy_consumption,water_usage,waste_generated,renewable_energy,recycling_rate,impact_score
785.2582461281652,266.0011961985269,693.5400944550429,506.5255029788962,72.07283866671284,73.61098970080604,36.1665140609107
466.9345177644497,3446.7732866000892,2005.636716653825,735.0714789224353,71.12377614746703,8.035912304530912,55.08344859151487
865.6680239158134,4757.43172203326,2312.241484893299,196.3431181773695,20.269503108332422,24.271358483300865,67.19104076387329
712.4996276063957,4162.8374026941765,541.5766219339995,449.3526677445397,3.6655395168237126,88.58952595401297,47.51822128791052
139.46848049326707,1458.2708870316449,179.38193608285212,537.2048278930839,30.379952180706926,57.69208180996529,21.155438979704822
976.8412340549181,361.2929161733692,1346.7827571389494,738.2097182396399,15.71363048589508,4.658760906833226,50.23897292493456
773.0827168908353,4707.721921437084,2333.3710536776894,964.8091736851765,39.578847921569405,70.42550483297855,72.0801904184843
796.7610900131061,4691.607351910537,1969.8005149437208,849.7927925242486,97.93461191526043,50.668236775311634,65.868592122013
171.70795104176858,2708.8350665930598,2120.5510752230443,625.3032360276507,18.107137090522095,85.45217274980156,33.28172866847902
477.8666410007888,3247.355317190522,1238.3760529804367,587.8042680864612,31.887394342296894,68.2433872541263,44.87526453118695
402.25812302095216,2366.7402974829606,743.0893584965561,607.154826141944,72.51143163195724,0.44465879777886297,35.69884945444318
930.4267394061717,2156.8502987839174,1618.7475876895978,549.726856233176,50.91827828619216,20.573908717492063,57.39732253306735
661.6718640766313,685.2973360506318,652.8787965601308,68.76925145633432,4.392814357338493,25.7963700564945,27.332259731480846
831.6235326072884,574.0892019693705,2192.374656105944,701.3134306423229,16.169001816132166,70.223228916165,48.704045441215
471.24348888596455,1240.3875187133185,631.0510450804572,719.173432128307,93.5249554773196,50.93141776700942,27.491660300084035
265.87678569553805,4199.539657392067,909.2266368073073,517.3555586443572,10.316499273902846,74.7447497091163,37.85911093091144
576.8555476650431,814.5782736048319,1544.3070960528657,871.6837293485175,63.50927872097058,51.286719878346254,39.02292146465839
110.62639329896656,1210.8233943820826,1485.7943057233101,675.7124347291117,79.23256488409115,32.7384610696601,26.5029079222519
836.2496133929529,2788.2088906788167,1822.5056604007368,369.0380112784468,26.54390627249239,10.366064670868935,55.36390955998791
650.0811791659617,1154.1429685835446,1340.461571474755,29.49741006264791,72.50780031386901,20.262209866873626,25.715828801676118
770.1833530811051,899.7127551171568,2762.4462601047694,68.57003003270327,16.989517903018026,40.07800803456817,46.93011543086151
386.79966972337496,2860.249584320015,2527.805577881705,358.28027902536843,28.475027483379034,55.145430818177864,42.79459395669446
972.1631231751581,1903.6570278834158,2643.3846811480835,467.484271946696,31.182203088420746,93.86374031906226,57.19335867873083
898.4650652560878,3168.180500618299,1907.0738856401408,175.20240831334078,99.64349905642236,23.972017706650117,52.17677108464902
789.4643222200738,4569.806168002514,1923.273351789379,197.43502335840577,21.45722952179573,66.60849394466838,56.28757391357271
234.9067724593692,839.8663440318315,1847.1361169620486,237.90924519154294,12.920746463358501,15.254591149330166,28.66174138100226
493.3849535406825,4575.8249330840135,1332.9082555432958,782.7082061805099,92.56914374814103,71.37531219223341,50.48515183439945
91.61357749786734,4522.200840372301,1000.2127031484247,773.5749625422536,16.193069382035276,1.1340877143979022,37.211431654637444
196.57501746417043,4162.529158345924,1796.4085179741674,389.10959555964104,87.92799196294054,65.59199499296156,35.65480866165904
698.8965055803319,3193.3009947998175,125.3189195584284,180.64073776855187,65.045662764669,16.321765671452436,42.711146166912144
757.5240481124263,3138.7186215811826,71.99647270021894,119.79930121283454,57.686149807051876,18.032444638082335,40.96906362216147
969.1342458124996,3232.1420336888577,2562.343387575408,96.2580189267015,75.13387115465768,55.89076333145773,55.530780588865284
359.53409023124436,3483.4282009672843,186.95093209398544,397.3664583903784,72.599895714805,37.54115459087124,28.911347468910126
401.93672073312547,180.76278292116936,1598.1456934835833,55.087008987908206,11.052618941831371,47.13051505508362,18.58617872335794
496.0780207120175,4794.653637887183,1864.213900701453,340.2986867550717,99.94661104066891,30.88888825562579,53.023918746992514
229.99779113007142,2969.458431181341,634.605127386185,961.917910115726,94.18897264487286,95.34670495283251,30.843065116148694
173.42543006869806,3929.182613071866,2692.4059728821876,512.4295694539383,89.65919628619162,29.06561000818888,36.73122517256817
501.9196799146371,1948.6810114006794,610.7825266577063,824.418210266837,62.22891339424068,54.20474247354999,37.8694316625284
265.5638815983399,160.7463481874002,2659.31921273169,137.97328643644508,52.27913313323141,85.43555555408452,18.931520486652104
686.3232949483848,2597.6998333945753,2300.8212945324535,275.3979945856078,53.62785838816683,66.41808122608211,45.520355233691966
465.2943229287142,2585.231584648052,760.1917128963721,947.0809800985687,1.493694422823244,32.27769469817206,42.97904614543384
841.0442862549455,2241.2475127261137,494.69529051447597,389.7163779646834,49.94695019454429,55.24366833668194,41.04274152860279
715.2518469021367,1764.613565394176,982.8864950493936,651.9220671638391,62.376956765991984,8.299112623272741,47.73292702045282
346.748309312939,1324.147830267638,1223.9541704973103,976.3655113709635,65.87062087749484,54.56864027076922,34.119002582441595
840.646811325441,2684.9698850361956,775.0647956718242,555.2798787674282,33.2139465051313,43.138908835354194,52.43097637607214
814.5261396219618,1938.862884498121,2996.7300688255486,312.29248973644854,47.12823502935495,75.79337070734441,52.336583736549066
418.10446007866574,4852.666226944063,727.474391906764,536.6289713925416,63.63106066625745,84.79028431341172,43.98194828119165
323.9116987337319,947.343808057964,2500.372739599428,64.09082733755072,42.83055102751817,19.961652164743903,25.226257785847128
698.3707287762268,1666.3612813727261,519.3973539168946,121.24617535176425,96.21351989835252,8.153590546076305,31.45753240546912
182.76485942884432,1540.406307530398,2941.721644564045,17.09939400174722,70.54421098520002,39.05569812448356,26.496184808586403
239.9127923513529,2762.214963556189,715.2942019351003,885.3679411493542,0.1273746250890495,53.415040820054706,39.92436732428471
56.99415626345524,2546.4732591733245,1293.981236611597,674.5676246105996,2.3279481482253006,37.680194831502256,26.25994519891878
797.5781586270315,3254.328280578938,1697.7639969653242,305.34646748142063,69.03002034683745,62.856117099808,50.14093999678699
681.6083137624305,4755.0086758136185,404.8428597104753,228.94980501523153,41.264509754550275,50.56512797190751,50.59652724569528
719.9071096950183,1497.5833189199502,2459.619199063349,686.2458351462021,83.94709492122662,93.66260346650897,51.10116336758771
791.6925794708695,3494.580689349483,860.322321408448,920.3367441374297,17.301540948626204,40.93911233195931,64.83167278662914
485.96998676142294,222.69699472539972,1670.3462097249082,306.14770014158955,1.382691405229186,8.24941729485824,28.59538108865456
590.304136155249,1385.7035163947603,1671.4197415450783,328.343518292914,38.80823501137123,30.19350211414771,40.60894226876523
182.8071482212746,2372.2266671833045,1827.7899243610657,855.6983179418352,73.6064104307449,60.58938623632445,33.67060883650806
158.80356985917476,251.87446355755887,213.68366024672832,894.4420577249148,97.17277333775685,25.60250986070861,17.774823867232346
684.9828137009481,3126.5803567128305,547.4253474031252,914.8962011614807,88.36538793510555,26.89884518056338,52.27535506380494
497.5413958359759,3423.7219811683703,525.5171166239244,300.2226659266278,48.407461193713885,33.95724840223509,34.385338745910694
586.9743011571294,3758.985402706429,941.0512152767631,129.1094419203854,81.28172831963666,74.61417799090552,39.561064835262094
776.7489145452244,2631.21507373076,477.4967627321026,445.59759627855664,7.033045786761405,94.01332342939614,46.87565815269086
652.9824040005612,3059.3288583952703,2769.6678962841547,302.80721648976925,57.22723475848833,35.03766338477799,51.87784311603042
575.9004306250961,2040.7197312645874,1563.2156290083371,885.0280001437175,92.42984130144701,19.54880397604919,45.23688854325737
581.2468027081429,302.1398592821564,1889.546685722919,46.26859238550942,39.63851474907399,42.06369521671031,23.981829427871087
338.7525931594816,589.7640932951139,1104.5901174244564,637.5416649399095,96.01006296631157,35.18396929796261,25.040578966441974
79.27694283954244,3309.4800285871743,864.926116050039,907.1195520906327,22.06850967291053,99.0024914123176,31.72183786920291
464.88151977074426,4978.220967970304,1534.3726521850283,976.9036631380053,10.563380953339351,46.38682585179925,58.334406112790646
253.85543917855273,177.43587190015128,918.2527757627591,653.6292933050628,52.476233608170105,67.9283352811864,17.332994572481013
438.10221153840433,2832.1591344492754,1063.7554809028045,950.4237274521562,90.72468719812244,91.37880666448532,40.35058982207594
860.7329196047579,3779.9428891245334,1385.6150790990287,84.90286799881662,31.127921874474417,62.906157736388344,51.12869159409177
272.2425115720737,4151.196657268006,1541.9143771938488,365.68556253627736,80.01603193989524,24.937847491985387,38.23832536255671
105.38760460461272,2771.5040159909363,2953.7263347564244,18.62755035346635,16.919726588028094,60.741009533328025,24.336262746123815
317.3146974208967,3137.588302902115,708.8016350777245,981.3719344689102,74.55703960009396,40.18763360651161,42.694863698463855
328.91406987834944,3513.952231845312,1489.5296864038091,903.6992139790323,55.702694138743105,42.234986943880706,45.22777940495784
678.8206889905503,4308.93462349781,491.0596314935499,37.77203068571934,17.501697539437224,97.9324581370405,39.80518429986219
579.1805447242144,699.2187322938114,1082.4977364885192,27.951323955168316,71.80872494376086,27.859101359485262,18.466507832455168
794.7032986510928,4638.29276174683,2166.0666201838926,373.2997991653025,71.37561134564272,46.89351464783108,64.09529040283118
681.0978633110182,227.48527740269304,564.663324093695,265.9525871229928,51.54352291434403,15.986704569920029,29.807174537808372
436.067518368067,4197.378779693099,1764.9863572726274,848.4629544700772,22.546763764267464,17.854419868548877,56.30778824679395
823.319365432733,476.0280901425166,1279.2680195256212,168.87955923914367,13.229389224499656,60.348442408583395,38.60608014858086
208.62427391231873,1053.678236864119,202.15965599319532,792.7429680738487,95.72550484597893,75.10157081527147,19.083075780004716
71.57646947716745,119.0813172675498,2802.5719623614114,558.9151029907566,65.58125382591552,63.64598736168452,19.521902490460842
135.54546773685968,2281.7578571265994,1270.1292638640148,383.6178536909379,80.9241483573384,32.92839979029708,21.92963183058091
736.2413830666278,1738.360210915222,2362.5832804659403,154.26256411604496,69.69705290502417,5.961817256501978,43.761306821364
488.783368738818,913.3652662864339,1278.124791758811,997.7143929000744,82.9473665192289,47.026386214869206,37.58425151264406
203.2081900819217,2310.341787939141,2815.2129486574145,621.8062597123213,16.24908197489234,50.4269653093964,42.22593030451878
525.9925363481954,2071.617327543701,906.8874865652475,444.98841024231433,49.69502245470444,77.06516079598185,33.38182190554205
194.69649757751,3861.5390602238335,1266.0804165787058,377.41628098720435,66.71247705022934,64.02895622919547,35.26784086485418
711.5043563238493,4476.3384997431585,2288.6495087648946,906.6709483245468,10.338989989521796,87.12586276009868,68.3872952848932
473.8484617953292,3297.579533658701,1063.818580078528,822.9798901088534,14.99569493284083,78.29828786950917,47.02341336432962
411.97016479165836,709.610904759967,1124.8533604387792,813.0739304845415,63.39825942509465,36.58777838109468,36.80085782897036
336.4364846904827,1547.4148940782682,2984.7283615719593,620.0364882327689,86.870580425382,63.222142352469824,40.363599967563054
648.768463462944,4575.259654478171,1689.0628507865383,889.0770168688438,66.04161789415977,74.72865294551266,64.52267356954616
393.7219800257209,534.7990157386569,2083.672338326937,306.28558840084975,3.6204813456075624,95.68803691727449,24.507449838179703
133.26742335029596,2093.59361301505,1948.213590753149,706.6690738116564,97.0432917090323,42.23521626222458,33.98996280010408
162.10560701448955,4718.272634244058,2492.376234111888,410.4032649679736,13.950690090624507,64.8281992311136,43.73850311041967
963.8027813220388,4758.25772320048,2592.384043353142,603.9988204740952,23.256223355248974,39.266383528163416,75.85143019259651
913.1516561722267,2114.8955675395728,1711.6055907874133,998.1714706065659,97.49672819047242,73.7828178869787,52.10328747935571
714.7217771202121,3370.244751684107,918.9404211508781,984.6795328685652,77.10329966533749,91.19931713105572,53.631977277975714
302.5764633865436,2338.0534319345948,117.2607303461599,517.4928263027738,93.65766803785066,91.9226015719575,18.641741048727393
970.7175584803377,3791.9566432380743,1862.4895906397444,578.1248176431764,80.66196928080296,15.708751738751003,67.12131650123831
789.8133587675048,254.7485203956927,2485.133058133578,898.348551445928,65.17344750032001,20.409659762087884,47.63503552498331
731.0456797010459,806.3700297146564,1379.0924262593956,985.7793553887165,28.4552998863006,75.49294507897987,50.5974387464606
476.89342703659923,3109.574137363636,535.8831144480497,780.8217245998189,32.68814416995254,63.10098859424019,43.22036034331886
308.6294837529011,1239.5060859710115,899.8421151601407,74.53261337904439,94.72710730443697,90.51072868549548,19.05454927757028
141.57141404582433,3363.6562664188277,1554.4673420600004,329.4133370004253,86.06256161556446,31.380055941553543,26.057126632417187
907.4722767166496,1820.992344560362,2518.2095959841163,897.5967165211048,35.949044844232645,84.80208111462629,64.75688194944867
482.9874753419305,4444.563234826325,556.6717809018409,770.6689807919757,37.326741762070384,68.37758569838599,43.67877401188315
242.2451965554688,4114.370989243934,1855.8421333430667,744.8107403141829,29.769439027588472,19.545631015659946,47.55624378611246
340.65879294311986,2514.905220337033,2272.437411154109,671.2439981634597,32.61301426250039,12.649436899563927,42.08625052495871
600.2585904948012,3887.185926764803,2811.340184987728,421.11121113605964,86.06674662887856,70.27236020086076,51.88150271350873
217.93414379227013,1428.5756425519428,394.2758904526353,409.2089071412547,1.0506856589846847,15.8461512724268,20.744003413528517
863.7835698877567,2521.872906378127,2782.8553207854443,810.8431627148931,43.60526211095247,79.43290397431481,60.48001475497106
770.5935533434496,1067.662054130063,1824.3292287647146,300.8424888474202,94.28396785279078,55.70950401273173,35.29447375430306
733.48980815339,4318.34222575287,2311.7696829252436,687.9835539739637,54.263635518280886,47.68670624627897,62.93887203281202
460.48838778634854,4133.031321185233,208.6353932272386,728.946438189717,45.04457901439035,27.552903592141963,45.419820580320874
645.943398667321,4520.533375204106,1543.1370591397556,846.1104294679135,31.23698046995881,98.38455949248598,62.04618646053706
604.8930704670988,4399.637207998871,1886.7575385383416,326.68673479994555,7.391262986190384,72.21671109105264,54.2615095087242
667.354271477079,4802.021684091525,955.1598276248785,744.47037416982,22.44864780275129,77.80636471648769,61.2139625501011
130.22210508289464,1218.8475349964372,1323.3681138986954,115.4249986029,9.045840993687126,76.87109276653382,11.008938033516678
445.0170320620791,4665.939024897046,1685.1794990748142,146.68111166238566,12.669942971542824,58.40155771765966,44.89540686823587
89.53346516879786,2898.9446376247884,1680.0164223302907,423.1626797716675,16.35165441262698,93.96988419588779,28.63735214467365
519.291278282293,2170.2259111989456,173.4914999501723,64.6735185916948,30.202943208427847,58.38215033826768,27.29260678664488
363.36815171614603,2845.8320902425776,1346.4712114077324,948.221338250685,1.101667999553546,52.004558510414945,43.09447277993056
187.29797942274456,1778.7515475863613,680.763556637081,902.876852404267,95.01438855932477,27.371044242286725,28.612058177311457
148.23281933642406,1513.9097341086654,2754.250480351782,58.44435857058471,12.381909267697456,28.173591984167345,24.04965711016141
608.2623435688264,1282.440256089891,2930.9109708638357,839.928604673356,38.31488723595871,73.68839059820435,47.41129443458544
212.0633201100418,503.8971483399214,933.9583442386038,513.7854323491251,87.95275597147806,33.47674216396055,17.46416964645105
928.8641124579574,2533.1679960212186,566.7969218906234,704.9432594898144,10.656797019076226,72.87107451466778,54.42324725458333
602.0080827153752,4450.032210998048,697.5372452976121,888.0618576052054,48.36042517541208,95.2706758814825,51.64022215017826
379.5263143080952,3187.744649444485,1459.3691532912135,581.2047422069217,84.47835975413957,43.93074367787588,37.42443466284711
611.369716907346,2652.7806005032903,2629.791517383876,125.16382928178315,55.69626240341401,9.732564287964196,43.74232478633403
71.66367747821262,2200.105299429491,1525.1068340660368,12.55282438172039,21.034359542276004,66.65464813294362,15.94876074603274
960.631252579373,2375.5679689542408,213.40658206012804,501.9523169289321,73.55095314125813,0.9523031695485629,53.12111212246212
508.18826509575524,1125.4590031025596,167.66252800377484,949.7398108031165,68.13410628675078,78.70035212722968,31.76794733270124
793.5984658877719,4132.385798246177,720.8032895874032,576.8956528970639,36.21859065469243,52.56531170387184,58.65261662271104
128.59349992631664,1072.0765200794874,2536.175268947815,379.20974670734694,4.629516158137514,48.97322040086549,26.8402121594044
512.3254142962523,3611.4515079638336,1883.3676447286748,40.61279691010422,0.7864689896093902,56.94421605776873,41.59752744768447
516.1716446367949,3823.926556331148,1710.7256686695598,915.8296231054184,82.53928831271716,51.64085439347159,48.64485271160258
940.9351322262337,2916.858305935898,990.9602981187943,333.88509424946176,32.15573615590686,32.37772717960227,51.93628998339863
593.1416497572716,4328.339237278659,2791.8049448862525,707.7296273019451,13.776989860590461,28.15089096792419,63.2021394926887
499.81493100410614,1526.146727008185,1026.9758226382908,697.2948300903503,51.85512261629821,41.52974606238951,34.17785717506781
303.6268799372989,4419.92438409003,2513.0860173261926,261.3443297550604,92.08332957250902,89.49092819155668,42.5859946801585
364.9905474754246,3674.1112520365905,2692.915378028858,73.13973139611808,0.8480864522397713,13.5370459787843,47.41411282848191
544.6387823479608,4013.8741560326275,1475.8382889876032,391.15037488512513,5.614354067641447,32.47645966865833,56.003333644433276
466.96588728979435,3356.4405766838395,2688.1533449681906,323.95970369882787,41.704493258507235,19.230042794940438,46.470141488232024
70.5314758863139,4247.08078325085,866.569697803589,703.2538348836026,67.59659067550633,42.713697673738196,37.06376793224603
834.9773279846399,4966.184427316416,1992.3786072406638,821.5846707032407,47.61004587670502,13.349841912317117,77.27096533750563
901.3527332477784,2158.7979871707294,309.49305814693946,230.2209632177579,89.75484384654047,76.07956139022322,38.46973568159161
183.23663454868023,4088.1868501768945,1448.105931572562,532.9487590786779,4.408455553747814,10.346739258457472,42.53510625587158
576.3343363620969,3748.4408216383645,691.1288163671263,50.20226391428004,34.01408696437436,66.52620936172707,41.197402227962996
153.14695407867137,2319.063811988888,235.1516698952785,222.1132647041273,35.13478893887208,26.771032486902346,18.220317144791867
688.6280883878211,4642.0500986893085,60.99024882898116,764.1439892688622,34.01272259863417,47.21899968576627,54.67677911294149
317.1720946470579,2032.6870549057141,1008.0187435003847,795.4643372841817,48.76859121233906,19.99879617175414,33.229804441941965
676.4515029573067,2870.782989753564,1789.1152538834504,778.6404188172852,79.05770451946104,73.02236794757191,45.150800183940866
740.6448835725384,619.1175492557117,1392.9295255709142,150.96404573838743,31.788261640281736,94.82759892683244,32.09265299811327
780.2151173217742,1206.2984509247044,940.2194306325134,555.5243801937331,74.44832066322026,22.174528739299593,39.767168428194616
152.35389865810174,4219.411235615427,2974.0400907899407,428.4813302989491,14.646547127907139,95.31532077128283,39.540398085543075
920.2112528807276,2043.108341861352,2821.59886794005,991.5714338271396,56.07248556339503,32.5273801011434,68.02998724937343
268.7032913501368,2031.0120381347651,420.67725517061575,657.5291703677527,37.50880256655451,55.784716705190164,23.233042653658003
85.54192836737079,1305.3069891340392,1274.5669086720595,935.8500704817718,53.92108022955706,70.1589951085576,25.74228400041086
577.1098459219091,2508.8906380575263,1964.098455281152,153.89680195835322,10.774975037224943,19.926861606519363,44.546148559299596
402.3761696693168,4048.50311061805,2213.797852713313,456.3645403692268,95.34628467609085,44.47639374326277,44.24852191041049
838.3002559757925,4486.304177091324,1130.7978569829966,773.89152410481,90.62141168017779,6.782748066405009,64.00590837165619
817.8388984610867,443.56071701650103,2251.5313475692756,374.1791507500986,82.63963042906289,69.705377602802,37.11970589333954
351.2819481815796,2916.621583076566,416.24253808650093,636.1834111921103,89.27828233880518,41.661611972447844,33.83079175290305
955.2544253162578,2389.639502672439,1028.8472445102288,516.5851506499241,14.66878701814861,89.16445326395909,53.55186447025401
326.3719462331127,3109.981067310734,2163.47786847992,992.0101151258124,50.372177301966595,27.399188857313796,49.43652110250924
539.3042727701288,2291.6508658505186,1895.7642312681066,182.13381466483656,31.79091587565234,92.36013243239269,37.591905786300764
293.16683603922263,2053.3596221817343,2519.770133841882,935.9952083768264,88.73859413041586,14.103984468284503,40.41824870247894
939.2413915465152,2412.215490904498,188.2282168681075,407.5552442652638,18.943768249946647,60.69664660138832,44.20932947710093
206.37742670291723,2951.795730906429,564.4555675779932,473.3130367135215,21.99453551419723,30.78081798721789,31.658690239937858
92.66508842271254,2554.8177340557063,193.05901770230105,533.3158648530791,68.67144563550109,18.178161095328736,22.361715523870693
463.342207002886,2413.507810001166,616.7369615351734,272.712883939244,8.889965908766817,9.393717171916549,33.206313199659874
992.7567858530452,4107.393018794595,62.634291367158276,964.0208681846851,73.23671769166398,65.56425588286899,64.13966389753408
897.0934029421683,3753.675157065503,1537.4203899526556,912.3723331824416,26.812728831412237,23.316793325924547,72.17778932473134
761.1776184841018,1772.7546214878448,1608.5274669263536,973.1760492092491,66.09353652671473,57.28144120710476,54.82327094817215
896.2528663345986,4022.8278758250704,1990.7807551476847,996.9503764874278,87.30377863606604,97.94187228352779,65.71746948682645
898.7743077129701,4282.888278122051,1185.4917192430783,673.1020942291624,60.96113732349906,31.596182027953155,60.5457635890588
542.9154423671266,852.1118063335334,59.462687521292814,457.16864084768724,21.268373328610902,3.494427771672881,25.886264660832804
350.13259923925335,2955.144062480718,2037.9789055025296,852.2265624813417,4.91655255392166,14.282261439642053,48.26439851844427
783.4118105054387,1498.0287686361476,210.15870885634212,33.56682905797517,4.461397169506586,11.932200941117078,39.299966118709136
678.5782000093731,3721.9443774409406,2605.2027709123445,836.0600042663683,8.881188201400791,46.32835272052358,63.345282229640354
404.9748424300246,1270.0481138575478,116.82926373841522,502.31316396889656,57.98179124697159,74.46505696606273,20.53004178938902
139.7433346584395,3389.877268447856,1614.9016136070659,676.4878268125836,34.82178540406512,29.644438578185838,35.2966395811004
759.4501307815747,1350.110814682406,2690.007753037286,380.3056007290825,24.310697739589816,14.584277084384322,49.211855694969444
299.33749012672143,2604.6044408067214,1738.8442485769015,374.9369223281477,21.93065577971912,64.0766766328927,33.489675705428425
939.9724930070903,4748.367692789341,1844.8294023045935,41.39998128277884,94.8581531903099,30.118020884924245,57.03708830981841
278.9220462554005,1968.4069384365291,2060.7520025953468,429.55153612472316,11.881657589207439,57.517034931223264,35.592304630765085
166.62003579091171,4391.118581219717,411.10610080487766,414.2706534651367,30.48144107726547,93.3786559672752,29.50182691753078
839.5570385186609,4936.028447899083,2041.0349473911506,232.54319084939056,47.14772620191931,29.134695492652618,70.14167653942991
195.62010079326933,4386.7691591453,2647.0469019378047,254.8500408043698,0.0449526074255413,51.24916144862686,40.33990124606784
220.30489274985214,912.74354564438,2923.9514568641835,588.2981846380866,92.09531874757245,80.68119136312163,31.05445895238651
619.4136519448014,4116.325275722299,1357.0033981071238,324.59372811410805,9.909859076010385,69.17181124976281,53.439307087604334
880.8339387955913,257.53203599275014,1066.2893124487632,831.9493899271168,68.24706006861724,75.14781747791858,41.72858154951909
236.61293242884457,2027.1792301266084,2272.263366009135,120.27125578849582,62.88654771624883,77.25693748561002,23.587908658643105
344.80748925509005,4366.593529257532,1651.479149881178,581.8684971092932,80.90638551047373,53.991602033404305,41.83850905874246
788.5345963291187,3474.885842523607,809.0487306423399,168.44427986771132,65.13877305621524,53.606210790226505,43.33324517994359
973.235104757919,2710.4280939556024,557.8657606606238,532.9582206514522,76.93874172159795,71.88895804484474,50.956171386620795
525.7041268922252,2000.5337229048405,552.1793867485939,557.0204280808155,42.12486087885276,69.76482701135556,33.97577197681277
186.70262742368823,4080.2550377044017,1404.5722579881485,645.8747096604719,48.87044945516232,67.00576640296852,33.84715012293946
63.23947332279147,3576.8361793462823,551.8669965661678,433.1506978001648,70.16621021644194,38.21346921426636,29.668937249641665
268.1732284989125,2395.1860661167993,108.17088483388304,514.3799382779619,56.84267210550511,82.85426456048768,21.98490785017748
175.231106897195,4473.173252327333,203.6618861605855,189.14308992048038,51.15385502667199,23.62028893708893,28.77973427750355
693.7757399322146,1226.7452873112986,2793.159404661249,468.38519623896633,20.555840605454932,15.573196635271225,48.03540685550484
165.74087939710458,934.9183948772619,265.2359564224005,379.30008520334763,25.81082608063754,34.516221911570156,13.807327566107213
531.0134350396014,3249.7384452345495,265.8830372138307,669.4697936078657,35.84972410593935,25.3831240404956,42.24928685731367
709.5493138607421,4862.772279238675,1381.0059143239207,440.4735062615212,0.9284385423503183,66.31825122031564,59.29055899416533
602.0607787598573,1311.5572092031746,773.045832888346,781.548234470418,41.73634495802369,23.101785114996087,39.9399847043876
239.78686907705475,1323.3848567757498,2889.946863908868,431.7321775879552,0.27684757639128144,65.6489838350869,34.65105598571811
813.9182998731495,783.5443550147306,2737.4082265185225,243.41346124421906,56.50154359213367,51.32227948407885,44.9199640108261
729.6367731350116,4316.761420840798,1243.992583580238,280.9518317689988,70.40287689723489,15.245006807525963,55.033647924126285
752.0348037197647,1209.347948015537,1373.7579822779646,54.832372840720204,56.21486316151264,25.83962641210229,35.931981841075746
174.50486397944758,2565.5747809519503,1156.5852765729321,544.519622494901,69.35199732048758,52.172678430322286,27.388162464552835
167.56611346782736,4955.275142210802,161.70504409722827,832.5720750613185,0.0013168556207476811,73.31053039236981,39.66943945972618
931.1844234561822,159.49041451801347,913.8981758013906,771.4205897493945,5.944197328430956,39.8251644174676,49.74901786735351
427.6992841336936,2826.781843502891,411.8867353553531,443.4115716750867,69.84624408755553,23.283264217804,33.96407207261863
335.90125719189274,2610.2163092542346,351.9924735446121,204.1591515930671,80.29001479567705,29.50782090937888,23.744896268071432
514.1548430839566,4056.492144409758,1704.541640162344,864.8495988644783,71.77015708893944,9.511718927339686,55.23946327657391
679.7210021254033,1840.8795438086072,341.35633025500863,66.21322370461772,66.30122425535517,2.514950109023306,31.980705728940045
957.8420941946214,2110.6726586053037,353.6474051960276,405.2304979504691,70.738266381156,97.31293119968541,43.59808101522595
322.12391553795226,922.896104934432,1467.5154587170782,858.0489909601116,73.95899257961658,9.640993436591538,31.776227672629847
928.5680078464258,3729.9946350153546,1354.7329771117843,399.24492053015445,72.43774983675692,12.488734511065003,58.2687637877934
73.6165168169435,3945.0736550219267,456.0226161404897,126.69671604939032,73.80084776883398,87.09640850796426,20.349898759476698
577.4381402104834,769.6502718162683,63.124623186145854,273.29000534233813,7.401970741518083,66.3505235719258,26.856124728212293
652.2763560970309,2027.9396625427767,619.2746032151393,604.0291473255189,6.327155149462471,43.60725312453263,47.08910268312055
150.60253356321562,4475.234477277147,745.8821498370202,160.51554861762517,36.1119943229439,64.90234057258495,27.224614018159414
183.322617210717,113.26564101135708,2410.7329086461596,658.3859735739322,52.759671454879566,93.49848235304103,23.265263076755893
448.15860335048865,1563.9194460508982,2750.543134055284,443.7803118872533,76.26190539217276,9.937731143570595,34.83174357861294
967.9203165360226,2819.707196757484,1247.5359725895107,341.04560581231664,33.47078187910125,24.371102717533223,58.50962444540349
616.2404255726542,1737.0599123337713,1244.8288431778847,248.51622571793223,27.51170766336348,86.03004034707409,30.887059370330316
936.3720605202006,1433.02142697058,2151.819787091607,825.0966859981423,78.14483081185296,78.0639345301107,52.80241245246119
814.1428698323222,2354.183676025742,1899.4199463288326,402.70720798876755,24.933685145399497,99.42567215571908,50.41622213321929
494.01252147752695,989.4632297374993,593.213550745557,741.0944729501654,82.08413768144634,31.390881507219248,29.092740700392145
795.525276789578,2695.1636807014706,367.682910772791,445.9516407110106,17.71335497200386,94.48863971385451,42.34090874637148
66.94494477813835,3562.810014434807,1340.9550774323998,100.94851501791162,35.94735228724768,34.36888312950042,23.648274424756277
153.6867969274482,2918.9452678796606,1716.2436713301508,446.1009154155878,40.10756094263903,71.50931911854931,31.489717296480464
837.9571841385995,556.2357212068014,459.1874293184873,512.6109019384063,29.951044730764288,88.27429476215865,33.851287760863016
806.9762339089036,4237.602209411309,915.1568055549114,463.26377155844307,0.3356913887012647,17.078209525836176,59.95083762873615
271.00870486811203,957.3914036886921,952.5318394701959,818.0792946307898,23.550925782124786,20.563865503520027,28.153730030009626
554.2311110691008,3847.57880299453,820.8296930212838,911.742835552599,33.765355887887374,58.09586480323466,53.87293979455301
625.7150296650103,1866.769042801667,1409.2457355607835,788.9108884589236,31.362489452666274,84.38247700355141,46.44631931936769
874.3520060872106,3935.530605474901,1976.5375737432287,586.9540831888501,78.55554964772071,7.894953522211168,60.05624270488889
622.9517994717894,1110.7372266861942,1552.7001566671775,546.0354609493418,4.736776253647301,85.08808097559036,41.432562497968505
441.94299080999633,1014.644308107606,644.2968586296654,648.1698698224224,38.89486996552407,34.31205295450965,28.298022647223846
405.4748412368236,2535.426646465663,353.6701887898293,294.9519934749808,3.751545557944125,40.622661397250184,31.433403670422965
454.5879820548344,261.3864720219664,2474.517865551166,813.7283776871982,93.06475661290094,33.98610956875561,33.09621156505177
669.3344743009754,1203.9569600334335,1463.9488140174678,858.2796958276243,79.02094370310964,91.14799046076875,42.05982070678355
874.1161001647087,3647.6600357033067,233.31059319493775,274.54499155001224,98.21615992380134,13.079432658283906,54.93068427845469
481.20203797248473,4203.179043696585,811.458423966196,903.7900260586769,91.01605316960185,57.42744811763433,48.367847897081795
285.4475848037902,495.84828329527113,2421.8996462332566,850.2453967517507,31.581277211608437,14.810808062579174,33.86386250922628
274.8292448477021,4422.1807762467115,2267.5926580819723,430.2418998076851,69.15834123305802,92.85946300948413,40.84022593961231
758.7135662312741,4007.834299860577,2633.659067047264,909.9102000718182,30.65540874784084,79.79313135356195,64.21609275554589
825.7403252527149,4361.45304896413,1826.1590867049918,129.23460387339304,88.8211187929624,23.381927426107787,59.78974702474916
150.01417586141872,3522.2999174363154,1297.5725063562622,37.70669361681136,41.07528699673414,29.777826808815355,27.155010757078767
113.23091410741925,3403.350029740427,1308.5732427856294,354.3881573381138,37.58875419042321,38.15153279626775,26.429261601382503
614.7119805686292,2672.9568433898326,622.300131254184,569.7813418390716,91.40687442333333,40.54176752954365,37.39969649774245
188.86458198306337,3298.6574000074434,1969.8569364777516,357.92818838753755,83.67402876198543,81.73428586320551,30.089545094258767
833.4309809335242,4603.6373563763655,1775.9528304739194,942.647056334646,96.64135533643015,56.453335530919034,69.88299505192322
344.81794022787074,592.5578069418713,506.85001371506587,262.16312676459364,6.648808557444685,42.794931489172804,16.148452138555765
186.67833632258552,1647.2459414458467,2662.7056141338558,288.40125965675213,24.33388780388599,71.94446569363528,30.379124123832145
924.9219488630778,455.02937061977195,1136.9811997662612,638.4793364194065,30.085774786704565,45.786487634380656,45.88681410748246
207.25513659851427,4729.545342525788,196.72935828715202,13.82524351829112,42.43520609547621,12.824001688479047,27.004113086071555
320.48407822103877,2281.800783397001,1017.2487163003623,730.2814818310533,47.3130045948536,10.748918426952836,34.59409024616621
195.9327254324557,3409.1879063133233,2616.0773083991485,383.69478826222564,29.147242806673802,32.595667979517174,44.02363244114642
159.71556048208723,4221.488316071175,2755.0219282922644,977.9703889668631,79.04504231450285,60.28702376151721,44.70501502802885
70.09061551961803,4955.901215574794,1496.675330915919,694.5034170994511,22.324414448505646,13.484132764823443,41.51344578160014
102.62563870604711,892.7340431821021,2871.202823216583,61.69280553151965,69.6517313299113,55.01341706974073,19.48517531128257
215.90939738906005,4017.6117680193206,2631.9633371753293,101.70153065455389,85.17683155920975,26.96096448087335,37.264480201038594
100.71283599581662,4448.372200870008,2484.430615442715,97.28642585491697,60.369823915958634,69.54134156082917,31.174599409756432
611.5866253054227,339.48934656929055,2586.1446908125076,953.0960372930243,35.41589258928208,2.826270117637064,50.83001758756025
696.6788004595311,3795.0437449093097,1176.5324658980292,687.2110258054119,18.789124219665133,46.9023431480573,58.79597042173829
423.94893399042684,1838.1540738630965,2281.5833752288536,433.3299472160464,13.4346194403696,5.22641490142326,41.832274097570945
352.09154210444694,3278.1242782051168,1753.1500590746402,208.47786298123074,74.41747391490617,33.05077752753205,33.702339563692185
529.2999251711186,2618.8361605904374,2173.0678051339046,874.9033489714452,46.913199758351595,1.5575144286879117,52.03927018524466
881.2546951228782,1372.737035224521,574.4690173632852,209.54036839462705,4.631955116736764,46.909876057793134,41.85764872267866
858.5750454810957,762.5846738195316,2207.6120397360787,709.6124243110593,98.38395069426203,76.70158684780117,43.51119699414567
91.30130891215235,673.0414421371206,2874.8976808728066,765.6911179298926,67.130318298899,10.022003774594456,31.88245429508146
222.42348911669788,606.2820027716093,942.8568010252172,301.7095279668542,84.41825514269772,73.52226919940271,16.40965556215594
274.9076275491762,3225.1711966594307,2959.1759056691,509.86558979893584,43.81886713170115,58.41952670923312,42.489679506200474
286.9181970406012,1821.9131718577366,1166.2092436758446,230.75938949520994,95.54386208080248,50.46052731360201,22.034181577873884
592.6710191556341,1161.503847208775,639.184316212047,385.14036088094315,19.95250209241273,59.948326228024165,34.49349559186692
445.4493044180327,3490.236954258925,381.24437791070324,965.4830542972087,18.51361229388161,33.58971317291955,51.71411395301657
96.7914139312143,3465.5628722556876,2365.637644200124,696.206654307886,89.03347347703588,71.03395537682894,38.87588378052336
404.933431536593,2741.9246325492886,1686.7349311108767,848.1480641286099,89.17170640057282,77.96658419207722,36.34243057098124
547.5653012817554,4681.293302642669,956.0373163029851,545.1935757520736,49.90194854990422,77.82238655868774,48.354241299622416
146.58830775853016,1988.5297340629643,1844.9285908915858,246.6493447298426,12.578635535397865,26.945978939368842,27.273112472238655
841.7856260991317,4195.728559219536,1029.698504130964,715.7510581005216,30.521645820327194,65.39070096898524,60.29473752000949
99.36377314184904,468.18309886776194,1372.6553841189532,505.56228118266074,75.41523380344677,14.80957257452764,20.211035236340393
928.599775567159,3725.172360788672,2594.859170971619,185.0803794259881,84.59919080013034,49.541961359626704,64.24373581906057
144.1574845008817,4943.392327776457,2021.091106734536,418.30559072202817,34.76547477448171,0.26292600595175797,42.35126759874775
851.3962040178651,4248.331259810302,2299.0854271289136,638.4918168261429,6.123368181686784,19.35867590083411,70.43322557382312
907.5204867312362,2940.357124619291,1771.30597683525,737.9785381154159,66.57266815727806,63.17341158326057,58.030021287096204
980.592146557263,3171.1537152030874,2974.6242442125817,250.7885879314482,73.94970414382935,87.43615052031294,60.25432990208173
811.9245862599139,1831.1187922410393,762.1596955581334,877.2373659558378,42.40146758636926,4.902829858602431,51.613517701848366
790.5036637327624,3429.477569464709,823.7589241205035,385.7555960039312,58.30976116178693,55.85527921743301,51.39753740653785
660.3591121957703,3874.9373775885024,323.04886927808195,278.42535071382093,98.73714975240833,63.67750201050305,37.936986174412034
790.0465368492225,4991.3195574774845,1684.357531108596,203.16885489918755,24.49985993596594,93.23909811827463,51.648725141039556
177.82459799248971,2513.0682933021217,1859.4097474046853,806.1296210589438,57.29776937992509,65.51437946449565,30.026230301347233
559.2646341502555,400.3899222898671,2191.5866400515183,360.6229292164018,61.09604135626425,10.303270247073836,31.802769333278164
538.5117266808937,3019.7039585818275,1039.56548155032,488.5650376090553,54.910719602446314,14.674424254448049,41.35424703329045
864.6935369164297,683.2183349126261,86.15756550183023,230.5916253282369,86.91295579437957,63.57641288869977,30.51349524145494
489.6593973138401,1299.3487134249392,1915.077134410544,689.2301604572422,60.50075319221164,21.561967676323267,36.746039744771565
415.8350212953358,1711.0215653981124,2996.151702935129,783.2230734768981,50.789002239129,92.83054748772882,39.629709227163715
657.5851076752546,3682.046378427212,918.9205936804779,346.03099646380815,12.301502666117315,92.06872007858861,43.66864889476391
303.14015162580375,1000.6598070046526,592.6066347836082,945.628591517688,70.32091992934255,94.86558601572133,21.712206088457105
182.77999040625903,912.1894395275274,881.2125255877419,40.30450346463373,13.210736149470037,29.295260781219334,12.457342834491334
503.9834103225585,320.3247882442546,1304.9756505922894,141.61367224129995,2.6569893364223662,71.69499079603165,22.679309142731398
446.04490016514075,4378.875688134016,790.1931404100658,592.8991612448859,48.85311630634622,66.30139069348495,46.315319759616585
270.94144350243,3498.176579344697,1073.5320748342133,704.3927934278959,57.244527214773235,3.560378133777209,37.39331696479646
399.1362196093716,295.7376815263698,1932.7098788091198,258.17615961396837,99.905406137388,26.55650763462797,21.76756062278975
398.072827334935,238.63229762676144,1067.8325611857133,558.530385922435,71.23267944552865,20.676672967946843,22.88480471915592
361.12078619191817,2837.5040527277747,1218.3738871117812,325.2023845723846,84.85903202275773,37.080860173834,33.72187081476502
410.4908757405825,1484.418566304884,168.09222525782863,558.5483531653744,34.638803903075534,95.3053716545225,24.125052938290402
701.4561781831482,3023.959117116451,2757.930379787466,662.73440098661,50.89146825799675,84.56016389583382,59.25558993653538
332.032650842721,2229.5604608367303,1250.3135817488183,973.0799730333669,97.42689906618556,29.342459136827692,34.3973192377608
951.4150303795734,4624.231555320248,1018.0233723026432,461.1398914209719,41.73885521427763,53.00315310993231,63.56738213541655
920.530618561269,1510.2641733107027,305.12837892388427,651.7338798686668,80.72904248023839,19.22661215866619,44.634032334327294
506.8649068850746,3427.8123053505783,1920.8404854157918,582.2588554407325,52.59891177444961,27.743399229593823,46.13518773150426
361.94314475445435,364.866126931136,2598.283603278077,324.3793449486972,22.39618515300641,6.500324901488453,30.735845786495037
558.663050338503,4783.716617525734,171.4019401545809,260.53349038074316,58.04186372108828,64.26065009168366,46.453995610909786
856.1324643349433,4905.711592750926,478.5537787298047,987.9920145272764,21.806202837032153,65.69207744963289,65.19865730538724
669.957973532097,3721.465682180421,481.8499952143116,214.7838380845002,0.3026989875741126,83.85016208034435,43.16058452387422
814.1722365497235,2379.5411106615084,1826.710823275989,792.3725144034944,23.589601547334325,87.15518134272541,52.59505747149586
556.0861622624532,1177.9678527035805,2767.629983019188,155.1215171105534,19.314383235509037,16.00593991937228,36.10374202695391
651.2717478042397,4081.330067215027,1341.4166828432533,806.3077566676383,37.092117719943374,74.30409461629873,54.46491983328501
323.74783347333863,3708.135076020409,1064.2290221718595,193.87115855965257,88.85969038092881,13.470763282733234,31.859581828666933
748.1485041947763,1187.5747938486504,2309.2300225102395,967.4850775760053,38.78530735986758,37.37150117458109,53.35969986320139
242.28436346943244,2310.954941370602,2240.5787321791718,689.1277800087721,84.51876274909911,51.55365715592212,34.20585425636146
710.0582223775733,2367.714795302247,777.9306108677685,99.21706123907059,55.561302013158134,4.946991408707602,34.92227445979949
867.6831149095993,4149.411694866275,524.4377688082639,696.2453482644207,0.7614704222566937,15.676371154545432,61.79507895656745
175.49769543646673,3450.838953236975,1105.5395956253012,607.5845551537363,18.873671290321514,27.111609999003818,36.99321253093668
633.6607535148238,3251.52096334627,2338.030007068562,344.1707842270189,93.12780452080364,12.754232963418932,46.59872843205079
140.34096081843788,3284.1543705600643,2100.437000249186,268.1286377791475,60.41734461977185,93.40962722063331,27.27760722024585
739.4298468578555,1425.3033889741466,2014.2684337508053,721.5731739306707,92.95468585722739,28.83191880871163,48.54428052915798
130.26855788234423,1921.3851731647167,2496.8142524814516,743.9477592203672,31.012002030345286,50.11716645089137,31.797487313297385
939.1428315655947,323.74519863986006,867.5344214071115,333.9337904630112,71.65623782827429,99.65342379256862,36.12373197133582
180.53753353591205,3956.0115654794063,1052.0669901350548,877.4648397311087,77.20251598972598,56.664267693124394,34.02502416519076
960.9362336136263,2221.6912543320877,174.90137929706916,276.1389466996063,97.56996027362554,41.14957749920847,45.042962588805615
810.8399672808418,2247.3679497291105,2612.8000386204235,79.1657817150629,1.81764831689607,92.97924059242851,50.04238290957108
613.9979042430364,1302.245698174771,1768.1677180204254,603.8691663793028,95.22372151232462,22.249775536660856,40.165519881496195
793.4928993980695,1126.1936791512016,929.4607610568953,115.99986710329998,39.159021760416515,17.950074083870792,39.747111960072644
805.3590970339316,2980.327454888243,254.77876777562838,283.89742362382043,83.7992405744867,53.53643690407836,40.93140434184448
948.7257096764638,1239.5097744980112,2184.058034329256,512.1145291179536,54.47129182210839,42.730173783139016,51.60024325816471
290.71418614722785,414.6233726707756,2258.77568266973,293.4960261337246,56.46495430333655,79.6986077315465,24.56761479236033
610.5721005903937,3860.786338306402,2015.2270237393166,222.84637899584396,35.93778881864501,4.201004130436726,56.68776087396294
140.29673768618116,1944.700228591193,651.1538642928522,706.1535607565979,82.84725903781975,61.77258244112199,19.51737335554404
635.3574150229152,1963.1543611065918,2743.9873726003843,551.5293479882725,26.40135708378334,71.06791428978765,48.88833675271291
212.72673888814936,2213.4595794273773,2271.8161561115853,841.3636357677777,49.224138617860646,97.1916760823967,37.78408469843747
586.7030808988197,4093.7196346996598,1990.3811545727124,585.4271987089228,56.01744987674754,14.576320023983547,56.011468758890906
593.8089883321572,1672.100790105104,1970.2845740942732,488.61273965604056,74.25210934274884,24.624321870946766,42.867082218623175
492.68589533216596,3814.3774351633965,2717.8552152703414,268.6437880946803,47.16353370415371,93.24432315692422,48.86544256088176
546.5001867374666,4703.769719819762,2788.5060426365153,794.1452163403843,68.02828988394938,63.062884548330054,60.54074343269315
775.7272205062585,3338.254160031517,1807.1303831302077,204.90229847872357,48.52940963479754,3.8049032735511634,54.38238092379174
809.2824806864633,2215.237297767421,1279.1747623395177,249.8061268634287,65.93206369585947,7.734400225577898,45.84523409516562
517.5455547966577,3764.169643418657,1123.0152397002778,843.1727107855393,67.41434762081482,78.54405606276683,44.857517827597285
619.6137694464817,2343.697111781789,2466.282581188131,743.780600471919,70.94415605292438,56.747449845641576,48.034377491555944
934.6744239055968,2130.69362842989,1951.585752511284,616.7447540897253,82.3299793860326,56.54154816188739,53.80155436436071
163.74690907606666,2673.887501506148,277.9347892482782,48.53132547870769,54.07225609599173,87.98656433112853,16.43658175926557
161.248387605105,1656.8394405655397,469.44873839433023,135.98504210187923,19.327816386989326,24.109791937122825,18.54642508208392
133.32356131523,610.8260597720058,2705.548390559297,504.95788558573355,67.96408416190553,16.043098182201998,26.496988360074226
674.9701207885014,2132.7748270782095,2659.2695369082776,748.8755342480621,7.711808349216187,61.38059476220805,56.46296566384373
447.6778857508605,706.8987175335794,2857.905723657533,469.45985554990506,21.895502246118404,88.24230976538834,36.05982120780002
785.6053453347511,2111.163220421689,1312.160353618555,27.120094170635255,79.21575286647992,26.525064466761815,40.426466626702016
687.669842643163,2828.9752339459064,2362.979677540086,192.42729868015348,43.507014433006596,68.1294364791352,48.35179862308996
366.95587041182625,4660.484787907669,2493.2638305772484,592.879032624016,49.80441676512171,15.237903185827417,55.44167450781179
903.448219993459,277.4894221219876,981.3058722226697,697.2748890911114,98.739691848353,17.190869582914893,39.066204021979175
774.4055397171197,3145.1461918595264,478.7462481200696,43.09402958478534,23.517248584891792,90.15100578627374,38.211035950350066
307.0081938646669,2342.9024145853787,2991.22776683556,52.89843592589533,1.9552749535934555,11.796499490637535,34.94952144783981
395.9824168834513,199.27952820028193,139.1466510664822,268.6970143017993,11.13726095178441,2.4345536655194677,21.671242490051434
348.71798119404974,1322.7860620997299,1812.1409601987568,92.66667843269929,24.45018596608296,77.49404481107842,28.307803349875627
199.73106619374968,680.5777365385277,1968.1262088360413,546.526769871431,72.59200243964692,36.250954852518035,17.567240926086857
190.39420391508207,1162.2913140840792,2061.2785588104625,132.46496213711367,77.5822031984762,39.66585522021309,22.818254542301975
939.3210902069568,1445.3941929584992,804.1018447088146,651.7371415524083,56.54889540141138,79.98575449081955,47.289846408083456
466.0088353388156,2066.4010433727617,2178.65877068161,779.4530661145111,25.50463986981614,17.993579157734818,49.584292895367284
414.1538316385393,2692.2930280955625,688.3787116797333,970.8114971145856,52.17418945268236,65.03269415210356,41.36673896916708
743.201423243509,104.8509702392919,2495.662854467463,948.9228920213371,1.495755593393422,31.352832883763448,55.207020527518594
575.3434119902549,893.1598670808299,696.3941885496719,280.6314987329254,68.18009427417962,10.426846064684414,28.888271245255847
939.3329874965391,558.4752894831234,2105.2827857744287,39.115506596941096,61.42975554091679,68.7496048970088,36.86457336869217
791.2864192139226,2793.3996563874443,2361.0697832102287,336.1180939506503,2.179653938154358,31.86641345509361,56.542652700639984
505.40108591831336,1712.4668649662221,607.3899638634568,711.3953175255267,81.70116336327956,86.66041042800707,32.83031333987495
407.5414998067849,2787.1489065701185,752.0601385161782,69.2031971798139,76.34265351621218,91.90356502319008,24.045831995560153
987.299967678106,1186.9341806559214,2348.3560292663824,366.1155310947144,30.82237455683131,84.90517619209528,53.5816346527013
731.8722242034613,218.72383502916583,303.6969663231109,305.0542020714379,63.5376650632306,32.23517474354619,27.850559423014143
953.6349270036491,4712.697816224209,612.7448097766592,227.15217946078693,60.149296346497316,23.658262435965614,57.73256703013354
162.5546483561893,630.7097938260707,1393.8161732602498,709.0694471830121,14.318027922687026,89.28006424077998,18.553233669191208
858.0069952312434,721.6078650124124,2794.036689797073,662.5060349741303,19.325930111436584,45.29469838764613,53.3354882504654
655.2201897916472,818.0794498996885,1707.5396129343808,540.1391530939999,68.32061362281296,70.77397235580158,37.21958907860808
165.82559441835696,4908.254967567036,1193.6496522142652,911.6668932847816,93.35516462700085,82.71642014106342,36.28636355377763
608.8450999707596,3126.535176832981,2936.192155556306,112.10746420296974,57.628432069875316,27.76866548678225,47.084781219347136
701.7915468501764,3090.4207633488677,1417.9483533528012,158.1923322333495,56.78131455595449,11.909742793479017,41.05115172735708
61.687551594172696,4934.821187440795,1329.518172378072,389.61518242721894,64.66816947038384,62.482756334328585,31.42475541611794
481.60206374965924,533.3499694458084,1264.3507348187843,659.3232313442716,44.05783001781288,59.01922557632251,33.573858278736395
834.1295356365051,4875.054373457217,970.931214190049,588.238499322958,5.417204350134375,27.020007265857583,62.660887640236695
330.5910740768854,1099.6644181148004,1010.7996887258738,83.30226059325264,39.65038467246972,58.47067213853422,20.22438855989627
485.62067770862353,3153.0503674539736,2079.1193267920194,958.8405557090027,90.02522101178897,79.0357254478343,56.20919602196647
470.1984207144985,2158.409469983679,170.46501215854934,312.0141682967776,80.49468003915486,35.001098234412744,30.64058607463525
336.831021870367,1981.3638860381732,2061.3593406566406,365.38288764526294,92.74235685770654,24.23177189255722,31.968522227080705
922.5198007397765,4663.092309549366,643.5532694713248,627.3935010529893,15.283158513241057,72.50012136095562,65.98924558257184
792.22933365994,831.2158693572566,1183.413609453254,945.7138622851373,50.59577570388295,78.58720166817947,42.103526131732416
155.05899044630496,4985.6381542735935,482.28996905297936,666.0613567122393,58.47281548129437,95.42894378689203,31.129001036001426
997.1829249456944,1957.7127993485879,1680.6155800137858,955.2255962522271,20.992550999297443,14.758582291747114,65.70561682184083
885.240023092358,3278.997029053917,2201.583812608812,195.71520763227417,20.097023926897005,88.92641018881947,56.867387833915494
319.71301597083703,4842.742984268465,1096.2339493662757,622.6218296832056,78.20329326428023,76.50988111899024,45.224519663860654
845.0517506778913,382.2451468569764,532.0789037437758,830.5901029575219,67.18519170522066,70.18999079308878,38.316618592674025
151.09855527781372,4622.035378333434,718.1914666969678,513.9342235722987,64.71875368151602,31.305362919037815,35.38087989433639
999.1494939505267,2882.275788236282,2463.433109650439,368.55193907104706,26.698745798301495,2.219295118815412,66.17893270929433
682.4004993012101,3551.5447069895163,839.5637684265647,984.9109447315584,50.676942424720686,50.75504941194423,55.21313916782171
667.6187647808571,831.0025010431069,2335.37264938312,149.5774669926939,2.3069953489327832,28.576937648571622,39.716810684141315
135.91869063492612,2713.598411072058,1027.0382500783226,416.8202322533701,12.99460526004279,28.98210189266912,25.477044347540367
902.181728951794,3400.217202153694,606.7610353117395,874.6400150350536,51.825086276079126,92.71385771926535,58.20317324736094
77.54952804424595,2335.611806199641,2195.5602509009213,901.4759390408617,30.96722756319128,15.296889205320918,37.06665196472643
278.7866551390897,859.4273727196779,1432.2078369518597,980.5782805441764,96.56697568965166,93.42323795905538,25.324843089063037
185.87078140830326,1296.1834679193255,142.2678912606789,885.9991163417377,47.14847232670106,50.38067100107399,23.77569938898687
787.9295436576076,4286.524675868142,2881.830137065976,60.44745513353841,8.356415635685066,83.82792760609368,62.28638172868175
238.29401585225298,268.9078648805376,485.87266296271684,930.4688346312133,1.7842347255312418,28.35875714419104,26.257516859965868
915.106315774341,3573.4241843599807,1092.5505805366195,433.88551949271744,72.52578738476714,63.39206640847351,52.46487667916186
673.4555873611156,4997.011178921181,1185.1441732373366,655.1029955820162,17.150673805031392,55.65883957234168,60.9169060004482
84.3545749699614,136.6666809231564,1493.8182028123192,400.3331104754479,18.781236900505903,92.41660894178338,9.271360000484648
55.15834242226544,889.1238458177056,2367.0598658858034,815.5313958474131,42.3807222640671,17.929842684242104,27.670290099342154
99.07502116367898,3403.307074376359,67.96632504162396,580.1600835595384,26.406058915346463,20.45698897424796,24.914399854182253
625.6289187653413,393.9550894682065,2800.7925514414205,847.0891961284642,61.657707974618944,94.89643994535446,45.94228925065032
811.4077203164445,2989.970920893709,1955.668907598883,201.83375680555957,48.56925072237638,9.796462078610501,55.19501873812218
276.62517959601905,3451.600507449175,2854.41419348936,193.13326380735325,11.145060147723008,63.46824690439964,43.26076165841348
856.9384007769193,2981.9171057589438,2461.299135378633,445.9730335689391,78.47408479094484,6.056411321525312,62.30130115627938
104.37034314559736,1889.4050448032292,2787.1227433454897,14.704029512855731,42.58588544142481,7.699080812060332,24.065413801923917
810.9156609595924,3516.683250334531,1822.9516252602502,695.9244253472955,61.083431958930056,59.71487429017218,58.41514922049541
931.4056586636664,3012.0426972677205,1104.0614994876657,303.0931905299309,0.3942332532681725,55.13679621540587,59.30387499327089
783.5029791491615,1117.4221432602067,1356.596486185131,561.7263527523054,62.6400033436537,57.30261987535927,41.80866242235024
713.2147447797054,2859.364163567038,1991.195315633133,79.30352485623841,28.284985703093447,47.36520965499429,43.23590496204973
846.081207722614,4421.345363980745,1309.4489863106921,178.937915788867,49.43707432099935,74.23593405816048,57.28589917378826
88.1437345697131,3367.483099883205,2208.434711229978,626.6305783217135,29.772060382128974,99.21885363648985,34.273971910059934
241.69300518310263,2411.778386229851,320.9516474360872,312.6060008399327,99.62607446422427,27.57812463903556,24.216645717121732
168.67749534036093,1675.7621040603108,2498.4606145054217,222.57472315977736,23.084231471162354,32.343966731494845,27.94946106195722
529.3044406833372,520.8424262441071,652.3564869439123,236.55803579969023,91.28596014892565,32.30495423432147,21.710471089323118
757.9287219124022,1298.6729505192407,2834.6454480979314,222.6711710782405,91.7966631829917,76.32689463058524,45.943288957451415
648.5112523475788,154.81509012569674,508.86010981494036,626.6224399362427,42.10006529343677,34.801550112372816,27.72435979802913
858.5745447738383,4934.466995872325,431.0343785020736,176.01430232476255,30.400311552335623,67.67370675826506,53.150723796790224
197.45234281903635,1190.1630354308259,2445.0345262328087,369.07929558809144,38.10355468987912,44.58875570119288,24.26998629161419
747.8900373384034,4092.8921191583263,2465.1703917238924,691.0079969375178,98.9339087391798,60.78046670230125,55.85816559681071
233.38941632545888,926.3599208443952,2229.340288649679,518.5343467741741,61.879622733760606,82.90153728048992,26.669028889803027
307.2208137519102,1489.6456330673122,2883.5648685188785,601.308062067729,54.47802378206386,51.40586875542057,34.95066125843218
724.4094624172387,2149.558864218997,848.0919046219773,258.397909669111,3.5917881339427304,47.51732008467056,43.92651836703066
981.1945456537477,1689.587754293865,2488.6137800213482,933.3877244335536,84.78430303970256,26.6974583605303,64.6322607940354
630.9664256782161,4011.9189825233193,1088.5195636280914,419.74045583317223,8.3805455807199,51.590458181978384,52.40143044542648
101.77529924173082,4792.6976992755735,1635.325945429555,294.0942972462112,4.697236703438135,26.24122729096039,37.42824625385785
635.4935214311562,4388.942969889157,1364.5200876189197,905.2829222178876,27.4858086117992,84.35702057179587,57.086070551756784
90.23302400115874,852.5315480440071,67.25756688714135,658.7367191117431,47.57886050575182,38.886402686158384,13.539291229826237
889.9384257984764,3905.7745141115224,1744.6634709405153,617.806404507066,89.52889600044006,12.910763183495389,65.84306839488649
724.0993708455896,824.939875193086,2255.1423689036615,887.8673056445064,79.00787990828387,23.996752792636002,48.785712135991616
214.47145410137807,4575.567422154297,564.9295315470501,67.95488340867057,19.7632144505843,53.45814674672562,28.8124000467388
137.13495553298816,2637.605020776034,2798.3847925844602,839.3027168875045,37.20795284272766,91.62875158297524,35.129832813988585
224.35656743630304,1748.267331477863,1614.6786412845863,681.0857206620499,78.02402646188827,30.056149857477966,29.989894256354848
981.0258205764828,869.4249369375447,575.8257092957259,366.3928668323281,52.70924474690973,26.438620409931158,41.71548785866479
485.63261033556535,157.8645320771226,1955.5453342048115,263.78782909861707,17.449194202407924,40.655983481013536,28.436397776988287
794.8769009243375,1314.9402591383353,616.1719901202648,113.75784088274206,39.60552026783334,96.77544782921464,31.766625031411895
654.587925002388,4578.698310078428,237.42337747124242,941.6634285442232,62.593580450970684,84.52196744613539,52.6492824094286
593.7924924607055,4006.584742133915,2071.6799651367646,150.49298229624083,97.32256748088346,14.966795107469155,48.55149627940285
187.8737419317972,4851.989167978525,376.5499057512087,266.8441503735754,66.1812054856409,61.37532871002641,31.729372092442105
948.7232308801903,593.7314534947279,363.3414727104842,694.1961077737752,1.6195162231396942,79.18642033440346,49.27651986218915
336.27550088898204,3001.6758431777803,2232.833511386349,713.0509135071327,70.50082766325282,76.80103413702376,43.167779203239455
599.1163550171651,1360.0373227508055,212.84658796380992,169.16101755656803,25.08648074572305,48.88454917546158,31.65656157014849
714.7871473596128,2760.4143582847964,2438.8190781914664,815.9898491579713,86.21589142138149,73.18313856740421,53.237112649393694
666.7714974830434,1670.2289392609302,2398.6388380110916,515.1843964845989,38.388990822613856,58.35866105929837,42.56936272462244
943.5646892107425,1488.9811961924518,467.1106128294097,849.9721113339579,19.961503775430025,20.14449828522027,53.513429095161754
191.0170404240551,2911.8419799205276,1579.2229094670581,96.41253594906908,46.794718651023445,5.605364063650864,30.11217287565492
532.935101524595,998.2589931607475,335.04519835837993,52.40169910275278,25.519797431500546,36.94996800503372,24.73469102106961
433.83267120372767,2398.7538411633727,1916.085098368662,640.6204776794062,23.582148849785057,6.193900194753987,47.90729683357122
500.4602930084872,3288.9800987157705,235.64353826311236,158.52355913871867,57.3261800773493,39.50134039208921,26.334342406337306
163.25664988785738,728.0921585957399,2836.2185261521045,529.6995552759669,76.73462708508795,82.88790015707599,26.632345374056055
177.38987937912708,4659.91192729683,662.8056693402658,23.967671691663632,83.49543741598757,84.42941484035813,25.6241627900867
314.17176849219453,2578.0510273252116,2064.539235048503,782.1299679427182,39.7669870470391,3.4073921340017854,39.922160406371574
339.4693735727897,4115.687062233277,428.45970191247466,900.5348684767165,6.680376359693929,6.953546750949413,49.237310884216996
456.5080529972825,3304.13661004321,668.3095225639906,840.4939343446451,48.397499846555334,66.98670875912447,43.101917544908986
630.4381696847969,3579.004611990473,1380.3014642059434,958.7692850189142,43.37814770283859,49.999869494219986,57.527577981825885
652.8976615473498,3609.0416108649065,1740.633616957473,904.0647971122017,19.69789482530394,14.935839273039086,63.92685242082343
441.22035175629173,4387.989495601216,2996.6465591554647,449.5778381074616,89.61449011441202,80.55296177320932,51.67687598356127
438.3439539572623,3106.666631729928,126.4823728682852,404.3647263592101,97.41482530206889,21.64961627064219,27.937969482073626
256.7471003621139,1463.264043434809,50.92753795005653,897.2218312918276,5.174718803308142,7.814925469571077,29.0083860008745
608.8909359885579,587.59725004074,1083.5829294090966,927.6694074036548,79.57463798574325,74.95071381000086,31.811744250989094
351.188865751376,3070.628035305693,1130.1612850171387,973.1075888348566,64.57165579415387,60.812597463196404,43.24561277396487
84.25684256349551,425.1287384758472,2657.3198464909633,770.6340624943549,26.1436258165908,39.44427387313236,30.13627397144566
447.4800419490174,1282.337913278698,2742.118515707041,209.96894164196655,63.515611828281294,69.27262037835345,29.19057622106125
500.4260413356618,397.4652045493674,2647.5486802599903,945.5045947496152,12.86431916834745,91.13806886912027,40.04377098883477
264.31322479400046,2789.549186132179,472.3773139338409,947.6700521480574,6.940650829749728,3.4182442766647725,37.05177809221482
593.8350364660099,885.6568122200533,1265.7092637841668,669.4700502738417,99.34890750522605,62.76794376753354,32.34250166695524
587.4833054103249,3090.995865224019,2250.3612287703186,858.7074636859899,63.636985845866015,21.816729701555982,56.907685232748975
716.9020720548529,3975.2391412300112,972.2026499635122,565.5646569523127,25.32226245332335,47.41377599413838,53.56777660454617
665.5510580911496,4127.215531782125,2006.552184106126,944.6856759576054,45.00339559037659,42.39811288833696,65.39466075980745
669.81140369498,1616.7631898743743,749.5714464137214,102.99703262617028,95.00881822978404,38.99796678345297,32.78313797468542
350.40344423284097,2789.8772102030302,1004.0868109843838,865.3240595199229,43.87250683868097,19.035610024746198,43.822793857037176
798.0606108866561,2858.752724423159,2588.2674655780274,64.94859274676796,90.04445320023441,80.26499364449822,44.83052614157967
571.6871644196955,2417.1471925554165,789.0016564625356,345.7159816958403,86.88091979784616,37.95205849277002,38.4487081718677
459.8472854208956,3310.058067981348,2894.7560563103457,143.9723861891093,34.41563160908433,88.71962609364799,46.78672923108043
644.7118568940042,1129.4269067353146,953.4657047636985,484.3437415382831,69.60090040771026,35.466827294649086,38.87284761483441
392.62446772774155,4898.291873975292,119.4079239786682,239.92369641254524,66.04985037825925,83.97133446791534,34.53361451482596
537.1022823764204,580.5911527455689,801.9576662175829,952.5516555406572,77.12118706198419,54.446633152468785,31.54160161710198
749.8704040581093,4163.183591895284,555.054579618106,563.7281203168754,36.592916426748545,38.56252348597921,52.07420183001731
892.0827423875223,3011.0703360608204,1545.1395503417718,898.7534289406875,5.223649849813272,70.4032214597996,60.94945356776886
925.0043374304321,1299.788261249208,382.51239566718704,285.27788436063946,17.1039241112511,78.66546246034223,40.306580048139196
528.4512789239443,3753.807503235469,1896.8441878739586,35.717784347095204,61.65536876737592,48.26907902744818,43.90822723457647
544.2613590035406,513.9563888176526,2630.952258141659,777.8984536470825,77.51001868973535,42.54204283835368,43.70596063069062
809.8768902256446,3894.6473887990373,1119.4307013210203,705.3538833722522,75.6048634535596,57.741897037232214,56.115159043636154
348.7281571569912,2990.9275889907663,547.053521950943,550.0367292174517,58.36815851150307,58.51633785057182,32.20499650766054
845.5132442278151,642.6765601423677,1230.0737375640183,817.1893024319205,8.475814571489249,42.54792158546874,48.40289888163276
519.4345641915522,489.5772591526141,2368.6021232793496,841.6835289216511,1.7288627185812477,75.76628784426377,39.63340143988381
160.06388811850496,3779.098033838666,1794.888638534807,592.0242749379921,78.21417573220727,39.97214477538079,38.28259136910707
118.45618971929652,1535.385941868802,348.37247931642924,966.2685139353976,54.93764341898627,45.29983428824927,23.954033186328783
849.89355048749,4457.579068759346,1634.7021052647483,722.514828141154,78.27121027315079,60.53182242795124,64.45980886204384
102.789521061534,3834.1578030478627,1430.851875294,680.1066224010025,16.278846147938886,98.68489019306647,35.271857745817584
316.58086432697314,3521.132199116809,1014.9811552624262,367.8075746330589,40.74231707711435,26.068611101410298,37.476092353803594
367.42353847646854,1465.1696579039096,374.9737583573037,12.23599281400759,91.91692870779731,23.195279991152486,18.002062933071056
214.3447229320141,3573.828143205928,2944.280210079811,248.53324715523624,17.159799124716567,17.68872665129827,39.98195459727235
348.19870131188975,4745.9236541226865,569.3277936851041,766.2813017464836,6.152690381254433,68.94442143081335,48.74339709240632
755.5579383888314,548.6431884157877,618.5915278326992,712.7725418928025,65.34673837817483,44.909463741840774,38.097894741444186
63.94870138206723,1698.1969458174735,479.4689417015957,337.7119233817932,59.45363406217563,38.86063400742748,12.189958945763776
835.8147532946521,1249.8941007618114,1732.0694641618675,629.3271447930545,95.20305058577333,20.409037414886868,48.408211190409446
863.7206223958302,2026.9256585632668,1358.825244723966,203.3346046784058,90.64684210548758,89.11383774033384,42.08215506998786
403.64849453197075,3737.430008784337,786.1936869783401,270.9914420763536,74.9430390220571,44.31730352223858,37.55212945927319
195.93225410760306,2423.788648984394,1316.798979913508,947.9340129634717,1.9157237878252187,60.7693311486329,34.02993541467183
620.7983875478268,2896.579969989207,2036.8894606320678,419.04876720623855,48.038696840656016,11.252957829252841,53.02890037601393
163.68892807164963,1639.3589515838776,881.016567920959,252.537718355866,89.61019365370389,10.79722166849011,17.156600980034778
396.6733930243399,792.3174087267927,2749.975039289622,492.23716437060153,43.365108811447726,6.735454166399579,35.208177185729134
960.5077218559238,1407.9748797948698,953.7213996742322,393.14572098949253,96.21457196129947,36.73460808382936,43.33408322524595
995.6912489544553,4312.433476085736,634.6281409274171,732.2337469756146,65.24879806439824,47.28866021919116,62.43771569307002
783.4996467868564,3051.843114551711,2865.975148274803,962.4949454259722,10.945712754279413,24.457814944923683,65.32653953871012
345.4134344247279,1952.1444986664453,2441.153799848629,595.8200502131149,50.92720751866835,34.96775058773096,40.39201424621562
703.2817967077879,3970.539310504379,1062.2559932882234,595.2357150675459,69.56171356451476,0.6260034023769734,60.15020528245909
720.1360472098121,415.84141902905293,2532.223960874434,371.1855201362482,6.536897223962068,35.10884652613948,39.38654579430996
418.44961040546724,1344.06633081969,1580.50203500371,568.9846226555424,34.464953207076746,11.917133483084752,33.10817340880752
658.8442028568514,1227.5054548809624,1072.9198698701352,326.1355777232668,71.70810630539863,12.838447837388955,37.105337655318245
60.19126272689243,4928.286354624288,2526.854189140682,11.08115356921851,15.707136230703412,0.4506097560003308,38.62663464679062
248.6047756721294,3559.8830537245253,2268.886947250099,867.4352111497002,34.83398982705226,69.63805660651069,47.71899110465288
548.8338878188981,3127.1510883039155,928.7307857971622,435.14964466648814,68.99103224672339,93.1283774049384,37.65556832370896
205.56373904538108,124.4263299429172,1839.7016200110227,497.16760020345674,77.55409018641139,62.15455608521572,16.035883557662583
207.61152448270695,1003.1190102403011,1139.7011593834018,92.6659062716689,51.85117938254206,9.620205192790966,15.73231829363881
844.4890760227261,3214.1523355680833,53.103319053145,838.7394082713381,95.68575277000096,98.96494493925042,42.78672861686914
989.6763525494252,1960.624699760162,2887.356437130824,178.63369967381448,92.53308587989964,97.55851708765132,49.19479250629332
578.1709566270259,4628.973880027398,1671.4057744148683,416.51494719647275,47.34370539077851,46.82345356574887,55.64794644982472
847.1162443376278,3847.148673794614,1815.3761749140604,841.8628915932426,16.027441011132236,10.786921840629592,72.228667637118
990.8055811099589,2292.1819567401876,1819.67970574802,463.2051108113843,77.29315638839584,72.07393096472045,58.23264108353534
184.51609414033595,3772.623389937525,1674.3923094172383,931.8408121117991,24.3139575393144,96.14682044834372,42.749888440099745
475.8333325916335,4879.481186748486,905.6411420821007,217.22116038648278,84.28213099991049,77.86996041386926,35.090318934252686
422.94408004982387,2358.806041037206,2916.149568478766,718.0805016552237,58.71443411550983,62.4202854570981,44.30477607255379
126.04681946387576,3248.3768506538136,1883.9218169200906,978.2185383261102,39.409300639774656,61.08319023710771,43.033424741524286
767.5636641550072,4601.4566138003465,2029.2180136341863,554.1175008481077,55.638335858254415,97.79181142056288,64.71599212808754
462.09007595646335,1318.505843977249,1391.6386340852969,695.262059657553,53.280876845792726,7.311933681976946,40.52978477478186
495.86058748088124,4444.1337769647635,899.1911314478086,399.29439300499837,92.47328458999176,14.955601959062614,44.099085509591454
193.13932512257819,577.969063187615,239.82949741604156,753.8239663282142,21.436304976156283,83.08114447396811,13.663916538289097
221.88031961932472,3277.396035879468,1083.1790798752643,909.7853159584918,92.81584525516764,14.5113080319759,37.74752986557402
911.7484410484043,3935.9069597733433,569.4874163417568,706.0250113800239,3.13410414598555,38.329648692902964,62.992372391601236
92.41663452556494,3111.570474336888,2003.1603913581848,936.5694242671694,76.92032815330766,28.149925605475033,41.51717726316717
271.20967069652096,2528.120540347461,2643.061460168022,592.7661254723865,91.96681307115652,24.344471644039324,38.993654373587184
327.45636379880193,3125.0007896358616,943.1268318246742,581.3660660464533,39.40521909865296,2.5721951108426677,38.464934067684695
515.6876652815071,843.1521730192784,1032.0037449714373,311.5811142280638,7.306718699526726,56.625126353481114,29.085710205935534
607.1229143640561,1156.2964806180698,2027.5752862955844,712.531216252148,80.466753149371,40.12395208334609,42.82674089386332
518.6254770581332,1422.5067853860755,490.3507310116472,883.1329965385938,84.28648556917351,55.15902126370113,35.556999100612366
129.9095678290379,3029.1187690871866,2791.8404086992123,649.8530638676419,33.62573879884535,30.450820649750366,38.38425516348818
281.4840813529279,2265.3152613508455,1123.348004025175,240.70882839259713,51.85932856859061,94.14608550542626,20.46156990985677
851.4089655244142,1297.9316281806136,348.5383654839852,548.6680235744697,80.94690680101495,59.13471922415275,42.6839991175479
655.7092654545361,4425.765727508443,565.3178145158925,758.3780427819008,19.204297725011955,96.12070465322668,49.41205928775781
666.6915976275607,1932.2170174367945,2801.600924222001,939.9696817240252,62.897575639127,35.00059542586587,60.30230094588127
686.6930925837872,2285.5554242264666,779.0019006886089,165.03008902534842,43.06306595158191,0.22895373463220903,34.89119847294319
774.7578680875527,2107.5352750900734,2003.6929713022948,136.222120056895,17.441575225426355,78.12655649624406,43.47623899771854
105.20305763537498,991.5204808560879,510.6874094378821,418.8140949305769,83.14402072509596,82.73788545606422,11.610897510067234
398.27796568598177,3684.9723756081435,622.5999924288943,134.35505776798476,32.46808321999267,5.870339720033602,35.57685008140869
562.5510634985948,2297.445485117404,2643.7527457549336,980.6246233800673,93.44261156550162,62.5369228462319,48.01447899752224
371.5336591324597,179.6598384743204,486.6979993025574,430.06132360973356,56.8933869819802,66.10178670401203,17.70269881368186
852.2549296228271,4823.667141563005,105.31423087202353,538.2744138772258,51.450998138473835,14.57338670475653,59.41423721947216
508.44388315792924,4097.241696817527,1528.637909102515,234.81690347984357,42.330594421935906,55.252455285258115,44.02791428586074
780.1962099864102,3645.440835049836,2595.0440991256573,454.63486230155996,40.06708898563054,24.319888067994366,60.549660375286706
859.4147410371106,4358.5501655407925,1011.673583976093,984.8469955126076,81.7966274837104,1.6451703204516166,67.4447347275378
529.5519087583232,4543.3555426671965,428.078698404846,493.8002798532998,67.7500849486126,86.69110903761178,41.62162848050891
914.0746316777825,1753.6995612837493,2947.5809472186315,18.735686546441347,77.36901311234224,49.16951712264641,55.53945510980437
607.7677435101316,3093.697524241823,2046.3789569937694,250.10225494812425,42.10841596112086,78.16991009107112,44.10982807110289
857.7605838920357,3083.1582651074114,2559.5373642470613,978.6702821737191,26.143722470273545,72.28930322291087,67.05910914639239
373.56125581194806,1409.768377171925,2268.8079033703248,989.1768382766252,8.686521852818196,99.37052610145291,39.54823516884578
523.876110604911,1187.5660320906293,2109.8147082681107,218.3881588739886,77.66559899840448,43.79534039011932,36.46772009374471
554.8404889543489,658.1455486132082,1184.463998036215,619.1114469654149,41.52764305177041,42.75506067571776,29.607334170017225
149.73073010126706,3330.6395599906186,1006.8029799507361,86.13924720036032,50.9223592096683,28.17555670511702,25.16356222026581
428.6248813664636,3926.503056050821,2165.0278578886987,581.6672260201829,46.934323519704535,62.514721340321465,48.11385663513425
921.4707889240923,3828.6695996333187,2164.303374122829,134.66149447157304,43.11378563692402,48.61125005552842,56.0915128519699
649.2906283465053,1649.7493482063742,2854.235732944825,820.4749084062313,68.38995770678497,72.87611221416688,48.44122670827177
218.63125331511912,1105.773267279491,1727.5464626525509,940.179237726222,60.87341157586086,35.65116984414273,31.887536995347105
371.91285382912474,2322.7094744276474,919.1322620736369,181.2569399689878,97.20537986443055,13.08447416093259,24.269536915652225
232.02285917956485,2779.3859551785017,1494.1099580249083,468.08504690887577,13.890390764923167,86.24354521194542,32.15176836264163
73.58197520864391,4603.526927045923,1860.4557593414615,111.02256848988782,57.35193132327168,82.80469419646846,33.87567288731665
931.0874355788253,4386.633455942865,1308.8529087518918,345.74860700224525,6.324016340231397,35.10001871157442,64.60702111421939
475.7969618440279,4588.685823378955,2383.842713910667,74.44677721292122,80.79184187082,69.03517175119993,41.507106131770676
342.15831879974684,4266.2856871663,1774.6089760367213,271.9010627372528,61.63113332510931,49.24029062756118,38.59796856281429
618.5533319798498,4826.447901737925,77.83539650156912,990.3214304184086,42.83788159925379,76.09720971311002,54.36533565428698
56.94873347836486,2380.9499861283816,1731.027670284425,54.15723464818783,80.22356546439461,39.01323686645124,16.523024559500676
314.12100127077315,332.62013742216243,1919.1311685284898,860.378646322484,45.500260849157826,53.56392353912296,30.585496662443333
717.881792413948,509.45395752754337,2750.0206920550086,86.67805197656381,22.778609531344717,5.781610406474725,42.07650312035359
652.0812844157998,2012.3530946844814,1270.4789373093563,533.7069618061865,47.25007611103369,17.490998158808136,48.33187571592003
982.7156501654086,1362.6667472376866,1744.679594850507,457.5985945030722,7.083179663733919,78.17656077751029,52.52347219899441
639.3398241751419,932.7088976692298,1451.242479607403,932.2391134204385,89.78611096393875,38.15654821728774,39.00261835756861
503.63057994634613,4770.698495092378,1618.3864639832118,207.0593636622387,73.09583747344611,3.5105424229590176,51.73258187923479
773.3609350248073,1057.55598321205,248.54700847353956,187.88519522583877,76.03157862150277,16.763628571194666,34.93422669500147
908.1614783658504,4800.958434344632,2696.9868192226495,751.226947682154,87.44933040184422,41.15980320856145,74.69443328036812
734.661149382434,3828.1103175739145,2735.7164025032957,728.4622783693503,79.15725888150837,71.79131070167719,61.2957935371298
965.0506623719107,3240.633793413595,1666.7758490357664,702.1899527878708,43.18525902534398,36.3485041807231,66.42634853315104
792.9049122012683,3412.4929044379537,1691.8387713767893,35.86584501065692,11.863640152544964,74.51857543788691,48.96450766755754
873.4613663488301,1724.2241859297076,219.79030603466586,267.36008985765955,37.336477998095276,85.80605872950834,33.00522247157192
158.39886762445533,3267.4924864855825,1813.9540137032825,841.4962260757563,93.40847143797222,34.11366142057126,38.6062153234406
745.7928278440984,1014.7913795782,1315.9977801435293,604.849540242205,94.90904912313796,80.03755708544253,40.31273625879258
468.0842645510002,4694.756619426299,2141.67870919159,606.1729715248598,76.78708655237956,12.688066593018954,58.78668089392575
575.4486122907115,1578.7873658069084,189.01850395693853,302.9574393507636,20.44305830713875,41.528352507165955,28.598625721158943
671.3972890082389,1350.4139102383567,2147.118664051995,267.5713576713784,19.444985846416063,9.756239628159257,44.10549036773521
971.3243608702909,3584.697711151372,896.336780305326,947.0893391380722,87.97715108807203,5.252798879477572,66.56586657106975
985.3491773600434,3316.598718524291,1972.5307248366685,730.4777260646802,14.191592301112477,6.45273774854469,71.0712742121532
323.81683321351,2311.364699882196,1900.021627170763,135.59745662381917,58.413747733248925,10.475202708163645,31.26717522073984
747.0658225660204,3198.986549984853,719.1823796650859,938.3298727223262,37.82516822790678,83.57259234163988,53.83604853886038
762.4843610385052,881.5160516281951,1349.334418387987,586.5464502998743,30.201100796117654,54.367712363369,42.940334586909415
379.16821824739634,3399.3087062695795,2515.1181142073074,340.0287432875172,67.73820256769805,94.73881877770107,41.671304408074484
167.67628612100995,1425.99240645645,1836.4953486045831,403.1680519356024,95.95690766519378,53.800030131251354,23.791501490213086
88.89961227143377,1436.896285714641,252.77799083631382,728.150465249092,77.76337382402986,62.87113323103868,13.559558386503815
788.4759711527196,894.6816812245444,1356.5810523964476,382.50992516922275,48.6162593101554,18.448396114049302,40.806635377807794
515.2147547260606,1728.6479616772067,969.7258033948552,582.9573511274209,44.07115082022164,54.05810206337084,34.305762563784974
986.2631610201798,1723.1301955255078,1942.8547527893165,713.3945016819208,90.76641883223868,38.530254880332684,55.67103832388051
491.7247833839704,2325.4771573411194,1862.9636268210195,203.42124733290487,57.8107098473754,93.14353421403702,29.61609930790755
979.0211301201482,1033.0555728651125,80.67439945491458,944.7990713801238,49.66390230661952,93.3921215781792,46.91413043189965
440.9972020843569,1045.7369271779548,1842.7017527844657,362.6110437210557,68.2835869531423,19.849861250224098,32.107889642275325
803.998043031974,2754.519001149819,2217.8064792555633,425.18100950614513,23.71538171295264,62.013086393836595,54.70510126565152
130.57830869624047,731.4992828853283,2317.7535955846474,701.5292241891424,6.373548757487968,63.8175802970978,26.807492365833426
577.6886246308757,3475.595339145292,223.9785226503854,612.6972384938864,85.5111440485344,56.253507945801786,41.86528946852335
811.956797636438,4725.340916726723,945.7923304741134,445.7186385697874,60.72617006994568,12.43297079951493,63.329775926262364
928.4665838588942,2191.2985461554536,1292.7570036269954,653.2446198977835,16.487710122506883,65.40153188408618,54.57140405830304
831.45393608656,4515.416034438316,580.3265379949898,903.8000244963241,29.804792650074717,79.90852849242002,59.721904649681534
85.12219084111551,581.7512965167358,1291.164919936779,802.2807804789644,98.99335125895308,34.52260338531301,17.476171369193743
404.06722424139747,310.4923741406584,259.8321306854974,826.0164198552259,63.44236324636553,51.45517019441572,28.348248156793883
96.2635486981587,3634.7074998178155,383.99098487080215,265.82432448163985,63.611214096712246,11.63279463492779,20.78562966245027
153.81817655883012,3829.005707609333,2022.6495503880874,425.2093158046612,7.216366320872202,93.06887114870277,37.63112957208803
691.54034723411,4230.9853807321815,824.5887604224572,558.2809502375186,96.89917342439318,10.953785317232,55.35813224866135
727.5952864961133,378.406624159909,2148.6472500647387,53.7489109698681,89.27828895587207,20.837710666824705,27.487702533414737
785.034648614045,3906.8445692884693,191.92015764917056,772.0942585735513,54.778244226322045,29.847847580003496,56.345701933487966
872.1837206528797,1945.0397907032507,1709.9740064783334,330.228790170938,30.938891645087352,82.57902391820218,49.58756187584103
752.4598950526844,1586.354400142773,1204.7735575811787,289.77011726060414,69.80552283860916,70.0655920502355,36.9763941264809
810.8280125013005,947.8172145821549,2401.0656061506224,266.6990892625849,83.33743944718691,0.701443800310253,43.305840315049025
96.51552433211528,4980.477200002382,2362.6571616064075,290.5454727658638,78.61214098232536,18.356154715941052,38.12682658493266
272.80839291923365,411.95158766243173,1157.900945249649,344.6346838362539,97.70473720478789,75.01511791919017,13.10966267838943
640.8028847064835,4152.339271579197,1887.0063415587572,608.7763124953976,63.68553986669425,40.383449100081236,55.797784190289434
865.219039393582,3233.522733903585,721.2691630174899,587.7296686810625,32.12254315588653,2.6213532467259992,55.908433466574124
54.275118692676166,3701.894176883149,1762.2001667322397,263.1546360658566,49.792761306853365,96.39168783200248,24.99700982465955
538.8978750105323,3587.4138876168026,289.7308471451912,214.36003380747542,81.63171679506165,15.123291294056207,39.60177896145141
693.4230293961773,4306.328976858595,1332.0826381498998,828.0946081706433,26.53425872153774,51.04666400468276,57.968165142869466
78.12692467218255,1000.5811422949307,589.046660537422,101.79610429960287,23.14082549439914,24.83160976448434,5.438255121059045
431.2877796757185,104.04062248995835,2655.9744871699922,517.6946127889182,72.48345803264708,73.74693202253596,32.36601029411031
900.853137314512,3032.789596312004,1362.4574130021538,525.3552654473833,44.44274265154108,77.6726099047288,54.80061180812451
688.0321684130657,1833.9073326843363,1792.7825584807279,578.3954387435053,81.65703951897227,39.72204035248931,43.85097220665578
275.7754451925675,706.5579224739747,1113.1264879735306,886.7936147480643,14.368358615898892,65.84496214590318,27.763758007776573
860.1420731503171,1012.0798951107704,901.7860539574185,627.67480069382,33.56964631494067,90.90735845464854,43.38876582947769
380.6298522390386,1725.5716310501923,648.613360031524,973.8974285855431,26.80999065901012,81.48091184926062,33.07675801934863
860.6774375868565,444.1435173448458,2740.0211688677077,872.6395525152402,69.78681480662735,41.489771764491465,54.83512552489365
333.9964685629603,378.8746904294092,2408.4240581595104,222.59285689233943,75.93292133266495,44.14760538966379,20.55558022539462
610.8042383389916,4588.528648678976,443.1203760715411,248.77147712304813,45.60026958865563,88.68782740270206,42.79899532827216
427.0930643604424,1629.3034718331114,2252.8383850608047,351.3263945560189,47.802937639893564,3.437280042634294,31.530110933087073
311.0837982173137,4912.930417620566,1284.6657922581269,397.59927092933,13.203188278912947,2.2811572313826356,49.99627861258406
892.2296840632757,4825.39834081896,95.42013213368108,557.4651691046186,70.18280938130525,20.57953415650221,59.215772425257676
228.21399784251676,798.5992834028576,1608.6835951098549,240.18750656737544,99.23176335992474,82.76216446853437,16.202280753482224
130.57101167397494,3603.1290841913356,433.636998250355,230.121729302628,77.79218408318094,15.321318761720082,24.741403078757568
374.83059161837735,3043.943956722639,669.3062236261043,387.57605779439876,22.31123231876281,28.527928494835265,36.33153888555131
731.7571902594892,3484.170658215253,2103.320836201074,675.3028820806245,62.31227395942356,62.90686901401757,57.39810639226521
817.0600256774676,571.3359000709264,808.5690095665285,691.2443569652265,29.495681066425295,18.424281006138077,44.439861179596804
998.8062015634266,1023.9443853093344,2681.070195433359,976.3555726398866,3.017655291628296,30.311634124357344,64.05894804570255
331.5439541606067,475.52944110931935,1988.6507873513012,210.3912795825959,17.982285565583357,46.69127271231922,20.91918442719381
437.54485357471805,3060.2576055636487,2505.2362804868867,398.93056033841094,10.259357226384136,22.810928376793814,47.219218596521934
179.98021412814498,4934.296271660546,1864.809138074043,965.0307229596698,19.593255356819416,99.24136839779331,47.129123248833004
596.1283331418819,3392.724234523913,2613.1062935149466,693.1086552388966,79.56044214490035,16.344601732126783,60.058682368015816
997.7010353997714,3582.7315216074553,1116.969791315343,596.3557395737989,29.283213403043174,84.99371049202531,62.58739377572732
715.8369596146256,4924.466703562077,1669.9647018124601,544.2495908873334,75.70399509451119,47.009983149871914,58.26329208917409
615.4521983927032,3422.256615441801,1571.8766813107839,84.75527633489398,94.88625548427709,12.912367972018846,41.714040303452194
422.7506382757043,296.8897058795046,2716.1825888300127,894.4400707277513,57.42731150677747,11.84861571625806,40.146954967931975
919.533822271277,4348.327444197328,536.50045539541,629.2501632609566,48.54089420100546,50.029605605085536,60.94804334569588
522.070766323832,1886.9236228561017,1755.2792514007426,575.9507338487538,75.01271755902637,35.35201714692102,40.28388054738794
177.6485676474084,121.3817454221053,2275.572022969592,544.1053398886241,9.709013989309002,23.46022991129937,24.877222974072495
397.1095400391768,2585.447470048021,1141.646793574298,397.9950652479006,42.821208748488516,95.89391371657489,28.091833203772925
113.80833540537856,4691.373504293692,2609.36549761713,262.1180444472838,49.88245949320606,46.33797406331909,34.23047431886558
241.88008580434249,1360.9203672554177,1150.3935628793156,757.7687654811394,83.10513103983777,92.88109813723277,22.655570064959242
66.7853419499166,2508.4145479589156,561.2608416929525,514.4718425840455,81.42176602312993,16.39997260648188,21.913086386532402
480.6159206751552,951.5067501337147,1772.9426484448436,43.60013696632811,84.82653598499812,18.346606723001223,25.033226549209232
652.8132517042073,382.6940911655565,1290.6756296100718,405.10355477444165,69.78729278677018,59.602769094245154,33.91377292460432
376.12783925996234,494.6702388942546,94.8108088119134,929.3176018406042,53.05558071848376,26.987564261682262,25.93226964298303
449.36268293001325,3662.3534392106417,256.0238478558345,380.15561592545424,82.78793213433822,18.493785561126042,39.350818852621394
961.2488092023472,4333.96490663653,626.0676816094406,419.100677846318,87.32824152552696,9.468538541331107,62.77030102582464
764.3649654961697,802.1643123372064,2319.523380578549,627.7215118244852,48.04845926588137,7.6270670307163835,51.62147578241827
563.8138050977037,1512.7609822712968,2681.5165722995575,803.6580557777235,98.56619078887717,75.31683854134263,41.05681123591126
320.313831356234,1055.644391459654,1659.6405783419561,671.7765065276651,87.48181249791787,28.216314636981654,29.122001857579242
902.1469588343455,231.59330693949687,361.4181144166642,851.554183811717,51.046966542140794,97.84191533076348,42.92600304821922
273.3422610366265,2811.8137124462196,1626.5359091134458,122.8308811702913,6.928759534710638,18.31211274791248,33.02000865939856
359.07559399084323,3529.618633674473,2574.0361087609876,925.3466277854624,22.44920508718963,35.44466500238479,55.457325176657456
913.611573701801,3274.5996563368453,2260.9590059116395,904.8827130872721,77.63985793762849,37.490861948233345,64.00118483003239
553.0649525208188,2001.4623817810134,908.7395829072561,523.9571007197319,11.115425699868474,50.01527927368299,43.508079250308576
755.2020519470778,2819.550205105536,415.4772974006556,628.494815409329,46.980006631926315,87.06358689794534,43.35401587891148
611.2075544555778,561.0866025175009,2707.011014298617,220.6849196993877,60.48521921047275,83.47702099641873,28.85885142079656
670.7672485590203,856.0882217411538,2569.5618025650224,453.46796360157504,87.83468283705153,0.9956330863795326,42.087793134386004
334.41412693908427,4665.7936358096185,208.4603271784161,210.67632731061423,84.71138628934798,40.925506695826265,26.83535488940596
279.30345854532976,3831.3879643174946,2479.8397449824647,31.756912151609317,76.42779210597328,82.7936731040582,31.134227155380994
356.367729810232,4621.4215695433195,336.7772814655715,981.094037445782,40.7694242611199,0.01978078267101946,56.33709469066087
197.66948587925134,4591.7333940469,236.6867185360092,266.55505055310306,14.224925434229707,53.363957221824386,30.72931225042413
880.598647026267,3282.0238238279294,2287.8726465814652,597.177225808857,66.96493095578478,25.94756213332019,59.41300081069444
319.0845865876084,4648.369375749609,1632.1163346786261,307.2478797024844,18.128862248847266,41.27685492421006,44.27206613600717
583.4149246936654,2141.85010510407,1272.9166710664406,376.91540400833054,56.13144834086158,42.03046998788081,35.99448202623874
802.3757038843054,117.7195994462106,2716.3934781292646,403.783942996452,98.06781824633444,39.17544407175144,43.60960905205537
794.6329039069279,406.59846764618095,2525.9455375998737,341.69626401151015,55.03097758072746,89.1950122211263,38.165154184587614
466.46694565498325,636.4878959339945,219.989241063817,641.0257617465364,64.55568672604474,53.64636089695346,24.990847103299508
502.4444431573894,567.2319205960152,1867.4573637264584,961.32690778372,67.75754719161739,90.37467238279847,33.404646977974856
994.9666614882736,1823.341715166291,2328.188839462002,434.3483035061707,83.0388357675505,72.6742407321351,60.8086270148157
690.8676031300729,3536.226954835852,1673.9472103361086,973.5934568137225,43.498067810704875,35.112007097400564,62.16369434228122
823.9065209619886,3974.1791523424254,2949.8662222747553,671.1192649713353,49.75099010524977,49.35636815489549,68.20461167461211
907.4262707582703,2992.045044288661,2073.840138710267,611.064833070799,17.597201392458995,38.98585382052917,62.69376950036847
798.2103444178722,817.5372553291998,357.22188745622464,244.73281328093378,61.46798877375021,82.85742782003216,28.88187917995413
225.9203777058892,3764.7178505260586,634.9791353998627,72.291498840387,29.57580063243892,18.75978119709637,26.671007840945972
584.0621970506936,1838.5294037742349,2487.424582538413,853.4154225889106,50.76247488886996,93.64122822615515,45.68200119596694
146.79944944881763,163.6674084918016,2990.432185775685,578.2412533048263,76.65571935098978,58.04244942519161,27.04301118896425
670.2760202357985,1474.8842406104718,340.1008372735496,420.2697238006331,1.7569904681986603,61.1757953968084,34.3104577671291
957.5819567784205,1719.9427152907917,345.9714876428928,813.8476488675987,56.39155265843732,51.68014002519713,45.32552233414935
537.0954610851057,1443.8031225687043,2301.991809722686,317.4745787515456,17.344501731068974,55.44964770449175,35.73480770673106
461.3238682243788,4078.1637506191696,239.8451310637917,785.7810834048424,27.938333978385366,66.76754164228271,47.10711381630514
84.05061384725502,3823.6393482110425,252.25234239130003,334.68419705173903,3.471328008699792,65.50352551008596,24.261940076024093
961.7857962127594,3508.2049490219433,2672.0086248785046,921.672374540122,16.946276018590222,21.414708886996426,76.13540310943037
147.85254992365086,781.1248847100999,2411.3269463394304,275.28720571223454,98.66293932871518,58.2440160873074,20.34559484600555
89.02513863960459,4058.3861575607816,2650.6114395999275,146.17857639882544,99.85227611993119,35.46264406884425,30.14488400180256
283.7632809296916,3418.1622121502865,1969.0145362916232,701.1157412659177,71.98479198896474,63.70303058028788,42.180987870602145
112.2539122224633,1054.7046637588203,1001.4824447196324,171.21878053412306,61.18568547711936,54.78345802679188,9.30993912852578
482.3619502911742,3275.6602583794306,2723.623911481734,949.8694197860957,77.7006953099265,17.967993371249257,57.7833875641104
540.2834111942568,2469.207040918037,931.2343986745738,658.9995612649773,89.65542721851617,73.4733917539036,36.66284093319157
346.94145157715474,2252.8153030955027,862.7569763918056,238.5520546716807,51.93050595654082,45.70134474794902,25.813627550348446
98.41245844614176,649.4035010147052,2664.8812366186753,216.73074494257446,3.5283999417701217,55.1441552286137,22.38352729317948
156.02034983676538,2639.69095164131,2058.426647854963,924.6362887292173,70.93958205800527,67.26428649248129,37.78071316438834
415.2791590904317,589.6658639645818,2692.232649892266,611.7793337213919,98.46025020724225,65.2871773917137,31.52001179981096
107.50202828520932,904.8415975459066,509.90880329921856,894.7986466056925,25.80529559719613,74.89288200900445,18.044334637996347
713.2802393294178,749.4769399463373,2859.2755534086127,119.12295279736696,46.346556546109994,20.67517286431174,45.44219762594792
246.66951444857136,4775.130567443038,1857.5893622659648,926.1382736233844,36.127440105128116,11.039123373735693,54.8041056133975
336.96799034445655,1495.8369831750613,2020.7033800756114,524.8488188741475,39.04674942298634,66.91795746743445,30.973223895255803
424.4194883191926,1840.5011856204378,2746.478711963032,671.737697168037,72.1399993875357,23.598494666568214,41.44601142568006
445.7791514156905,1678.1949708505767,1173.2212753491544,379.1467168258678,37.840438975605004,11.460486854982666,35.6437497587618
51.57767229106051,4501.427181372905,2172.746234352793,68.54891878576794,94.10841254587267,13.1237492809408,31.131211514394348
156.46685244876267,2858.5329655409537,1939.0048323172277,958.3927169284109,78.96584537635604,31.280012389951406,37.91874420279318
869.6263355538341,4603.883504773227,2373.870520654583,994.6523458173972,2.764702508769512,99.17870480492451,75.43574463200598
51.171409386312725,1569.6320385566883,2695.9812359082566,370.90138027283854,81.85488820337248,15.7260326687085,24.64803254792668
532.7589880222313,662.6899047165498,2056.179523518779,944.4292504544599,77.28574224386587,29.85365622984678,40.90865768650907
515.0269061818477,2825.4704183484555,249.53668578403986,176.04902805194857,51.649372838123355,92.0734151882143,31.86479042359698
366.43945296010594,1793.1312597710858,590.2640202568517,163.13760516198977,49.681739674641356,96.33080631408026,23.037140222267126
459.7606691391272,4029.343484104667,2864.235637687898,82.38072160907977,83.55269034669533,22.884336115151804,47.80309882788061
791.5520806502551,4409.174703667127,2907.5188964628173,397.3567135083092,42.478528916303496,88.04526970506575,67.1587490712039
849.1435209042086,2415.6102034446517,2903.8692754101694,61.77922767978318,15.946234329329844,13.891794452301365,55.773449522382144
297.33111624448753,4859.659218018991,158.55823118034803,400.7106177167678,31.289883284903265,76.15364113005157,37.86198687206907
356.36591891934336,2809.763731087589,1178.2220954507839,147.00652436317154,26.520240335748934,1.3008160647371536,35.737922137472005
280.35871037691606,1427.509927592931,2291.0344767645884,733.2225176172277,68.10590296514502,40.66196292409601,36.51281705481755
505.87023052351185,2495.980025186945,2271.013120790601,835.0290228430439,17.887335004084527,24.733520671738816,54.22481422641101
699.0954397758723,282.82043277434525,303.4312696023776,690.9372735183251,64.4772436432807,70.40080141591227,32.59772873905858
266.84023169024954,4039.605685289031,1847.992216914081,208.48921091179432,46.596694726376185,1.6056131355184688,44.387440679851686
364.19895495212336,597.0317491866626,471.4653746955295,769.1797109788762,83.96609294117819,46.4901706051533,21.755092066938115
933.865386709693,1612.8675936647244,1504.9675319599903,257.0051950629422,48.499874321746795,69.67290247449353,45.83285128019441
96.14082535461017,2870.0510803242228,757.0728174813084,761.8937109988422,92.98039345693829,4.670487325018291,27.510133810698477
487.7311249775879,310.57811566980445,206.82545661744663,571.723599147427,90.04691278855877,89.74001821299723,18.323946810875906
725.980139516939,488.6528059890964,286.0573053034982,373.04539112829764,18.528757910402284,36.11974073964489,27.174181265440595
192.93131097960037,3510.970152303763,2737.1342017032293,92.6574542358971,68.61663523518835,16.526583224224257,38.56298055915941
95.00531900520777,451.7077559977668,2246.7055943945256,829.2344147089555,21.46247491207752,22.54644960304608,24.49022176440619
181.2951030566042,2437.706044612145,2798.880746230204,940.2563915902431,82.33043062304577,33.89059287804632,41.24559453185718
922.8820338541487,1759.608603761677,1436.4703003839804,669.2586022006311,63.57231545365691,19.837510182229213,50.59500051265143
58.796792730067246,1217.5890989864406,1269.2128719107727,964.8961510265044,29.411769428165112,51.05787539152029,26.49364695125106
228.90587607078425,1025.0165995319605,1107.301512881182,934.7703048525613,24.912362838350642,63.293173649935596,26.321083883066777
79.71933725656233,3840.7153392896394,1868.1059333536655,202.6623167957161,42.957765504543,43.343010888332465,27.219274289215527
155.0979941840931,4762.556746436385,1087.1001915654342,733.9002251122314,80.0722971461131,42.703214989512226,40.03230091755882
639.1418222968814,786.8807367963256,2251.506040246918,355.8117712433176,79.61616090394517,78.16995193687025,33.25793214100948
279.55696330213146,4802.437973953222,2413.8861123367933,492.64218695996976,3.337622555493547,30.101671295788513,50.148384518644185
590.7514479091429,3014.3362670280085,2633.741550616674,165.3957768373573,30.22872154709001,62.2768833907242,47.20182020871211
610.6856136278199,3244.1359862799595,766.2627442235679,975.031633777076,42.28509634697176,89.29215850434726,51.472575527667566
856.9635664352901,3578.639252898651,1604.7150454125074,728.8760092456445,58.55820134442432,22.15143650960122,60.76215334309506
54.504323266280224,3550.182562737447,709.1616193530245,274.2392265346584,14.952700881469905,61.990073002445726,20.992840743617503
860.7009863752484,4117.074430109872,160.78967909000636,377.75697326635316,33.52830205289248,94.79717800547843,50.82264483191551
638.1631321056253,2468.9963916037177,2138.084647301021,428.2580975604966,88.55970205679587,52.979525495545445,46.06615635465617
204.60631179970972,2713.4570788220353,1669.4947581086176,750.0583869024018,47.65475134136496,97.68977236971303,36.71651769527679
784.2905187285198,1686.7523120707378,2185.5854746815967,926.4402941018886,74.41432260434394,31.00460441847964,52.75919115391275
862.7169647010564,615.7622095372735,308.4875886492845,328.2257316547259,48.47785064963399,56.429389266619815,33.69944898130201
291.5503095664494,3356.7369355384735,2986.802228232729,477.7750873976154,46.49825764004636,31.103575120095282,48.14795638932702
922.8539968575468,264.68884901262953,2983.3282724937444,597.2754971063541,62.19255250835041,0.3719425067400639,59.30361954373359
481.73455878372494,1450.6117503085045,1421.7494852353625,399.41055247631243,25.936451218961754,99.73081004456583,28.447583460846126
623.2532316166554,561.7263357858913,2604.873209792316,509.13951013202836,24.980209930624998,24.006006803727654,40.98761285022014
985.4170569367615,1034.5630708813185,768.5272396263925,114.65055272990098,98.9353854891609,97.31019852367317,36.36527787215667
393.4592747072394,3229.781473197166,2225.820175608726,175.9976438429644,86.89920093192222,65.3032826647127,34.63456548111284
822.5013785291072,3179.535488004099,2643.716277600019,407.09024464794345,73.77548964496445,90.39336089485727,53.90363883299253
352.4791619370367,2163.169073678989,2453.2654849382966,915.7896216528469,13.714453905553325,96.7202747053633,44.245227871051846
809.2528461294164,541.8426847985066,2444.7335308114143,355.8644652871873,3.022471118476666,56.7829206341983,49.47797796860268
620.6972229195104,2223.532190651101,1415.928564662152,257.2948805189635,17.541250419709296,99.96913443012582,34.631904806293356
255.53791046413136,1828.4498721056377,2468.97034594738,745.4335986407831,93.773096450752,76.73299092753699,36.83296283665576
443.3247890997746,3630.2498489941536,2087.5791984128364,949.6388644158432,81.62897702489879,52.38145560935734,50.21265114359469
351.7538526453836,2937.2303801753533,440.7316245254029,464.53238089291193,52.30760124885764,65.49432841908859,31.143563899234067
124.2029734263457,2508.672259951295,386.84399199033436,18.518906011511273,96.87805913683772,19.427135732659927,17.264335979082688
78.34303159471261,2486.2122032944762,2327.170301007188,691.2678381608617,14.6582102902301,1.1032621440349888,37.203171558778216
379.1547226368219,4834.854747576052,1895.1190618801252,420.9101935999834,55.915044000603686,25.678934760714213,48.410510685005534
68.08244042661225,3805.8416863469074,1582.1595457145634,676.9090812500531,18.322212639870983,43.497086171990695,38.18100191013335
207.21336970268626,2535.199846254626,2726.422283004043,284.9393506709115,30.64286048043059,22.8052586861754,34.72934738178963
738.9241548083254,2448.19080315599,1995.7915527700948,12.384062378792791,94.01350189632257,51.4035897986198,42.30054117284312
722.6866738994084,229.7475963943209,1218.6328980104854,351.0512565581477,86.82785165486835,65.79441422246664,29.658889117064234
751.6513671345135,4718.295390267052,1271.0988341197422,707.7444191868121,10.179878563058608,65.57938491000377,65.23585432826361
351.2955125734798,1663.9524616599153,1835.4708644118755,399.18215017909733,24.954380556093845,89.37644305331285,26.57807141127133
895.5184842618107,1354.1015012156445,2292.812089824728,226.9823982566937,59.45074695820506,96.63190964832098,42.644513987655145
614.1390206270252,4997.1037343995895,1714.842255499916,469.3667954927605,6.135278734082439,89.06950133598885,53.812537538161386
169.7250246592952,3621.5793903721697,1550.84460254658,754.8250380654016,55.00846473514373,62.01749593469261,37.13249979216744
186.53272838275743,332.0824891665111,2194.3570728298364,128.23875592438296,58.44914357940107,20.57641545911291,13.309301143293862
708.4406555832164,403.2388374253246,2130.5304222257573,694.8345133101814,29.09671813304595,94.34511591699268,39.98511630315173
214.29673961997415,224.95766340496957,2499.523179810005,670.6705835659078,29.31229801251234,17.486039476730653,26.074160470378416
531.9280665029412,3038.1326076130586,234.52776951801852,377.0305008882206,22.90792687700708,15.142738251046516,42.432899044026016
992.1857521322752,450.66605030356385,2277.1087896418376,970.6328294656995,93.56763701960428,31.7569327905435,54.18193859539514
53.807224496672525,4673.60294854016,1565.5933303074855,895.7582464855479,38.887114069907746,57.36055613382882,38.486860181409796
65.75081180267908,4690.842046111122,270.344704097798,322.9998659940492,58.52690631138904,68.14726319858042,26.23934801296506
993.4303528339811,2775.6649270655907,2053.0795831000833,40.78018245990465,30.157457425351453,1.3292677345635995,62.168204265324675
605.4068924274573,3121.530763840159,2163.7935723057312,315.22175867762587,70.26640044149043,77.80222717197502,44.65059021706735
170.56447674258746,1530.2825674737242,1594.7001501568193,212.67472311563282,10.144127105864253,17.501954908724215,23.305688753955685
902.4370897663889,413.4654578005393,2391.7069840668005,551.7793949071169,7.164154309466397,29.64848515130212,55.27411295442482
886.3612851213076,3713.556181439896,935.7319204564394,919.556976970333,74.42837605818863,32.20867257956515,64.92616105693587
559.3903924558065,598.7513448701856,645.6262946677365,871.6341349371462,72.666795831535,33.24459988987425,34.643031633159296
640.7024283677188,519.2324409901264,1084.6651576426716,312.77086410817844,26.500133614066222,76.03676022094713,28.55293943490567
309.5278319258325,1624.9932351006967,1259.6490142231337,434.31155822008066,35.50467127246883,4.094436220217956,30.93129812840669
97.99371155340489,161.0817332056221,2103.004127086398,46.1767770887708,95.72605013328223,19.65178183923195,6.272009025153405
614.8392284463212,2226.7745172059485,2544.2838167407717,548.721872572658,10.433029499531433,2.231923115244816,51.4130562497244
330.0174335426249,3567.636459392376,2176.7086607320957,72.73430025022157,18.314706654667102,77.82994567117663,40.134774289463486
680.4399943273344,4026.609763967501,563.2632992553245,939.2201045668087,43.00383649732332,98.37223383651235,57.03924488123398
844.4329180004712,3061.105788614714,1130.3404001607594,868.2644965037496,28.209890605552513,65.95471592665643,59.921831943178084
67.25251671864585,4249.683595258171,517.3204546709451,222.04575017312797,64.90085486322072,59.01391809188112,18.500421636198368
615.9280859514411,2091.8607984588407,2075.8363886962516,702.374993063425,69.06017229466845,90.80662133885028,41.917700338393466
269.71651270250965,4258.983216796336,782.1070407398377,572.3401786089997,52.63880838900952,25.495398636348277,37.62524048860064
880.1940730086113,2581.7192214420584,1599.891451912948,803.3441353910212,61.119730140276985,6.646230513800521,59.947462341891075
290.98128123373704,1192.877027191647,2385.8980374243188,480.89558568400474,43.34208320203449,50.996990497221574,27.448672390292984
630.2316265736474,4726.313668636283,2029.2708610187644,199.85425095912024,76.03872537251661,26.034870317382875,53.114379249289144
575.8637980851308,1447.3572818018708,930.2032724621415,643.4449661216033,4.209849784626973,45.1081614680902,43.64704772887622
426.3581750562865,228.38727252018626,1031.9569143182055,89.47752372598556,31.289133665588086,45.629985058180935,19.722553673009998
693.7397254198044,1289.102810479632,1977.4246454789438,588.7421112567379,68.4430041394894,31.88318240680694,44.97541658342487
739.4811529796622,1896.7690501613959,1670.9298605528352,220.57775740981302,32.964510787538245,48.63245815830535,40.40526427416813
588.5909055534174,1821.613448117394,334.36078803663094,688.0870727523246,7.8535280442949436,38.01518805499017,35.310961194679074
770.5011253255163,2670.870796273501,2628.2751883569613,829.7627301108274,34.50134284667753,11.305933678187674,60.548855371106924
984.2462221932907,4427.321721976025,1562.2090817582045,118.42948198925174,71.14947717886633,86.672570740578,54.08313875920035
448.3087685057649,1532.4573128375257,1446.4149889325229,406.26586662710645,12.198486525331775,70.1273714430226,32.750451663144666
538.8538992912544,2651.7759789999272,635.3960430651739,736.1863718982368,72.46313642116546,4.130886499984054,43.46855552895389
61.84638404415257,1766.6808730735488,1162.131765963085,172.0660309036699,77.54557163575755,11.578642527130633,12.520241510090782
806.2271284948595,4126.687990928682,1031.8333438295424,570.858433335356,63.53007444226989,9.651447071202401,59.284154945240786
544.2185636936941,872.2474151135441,848.6702643468092,675.1205920569658,24.423404855814425,6.174354700882767,39.921643570181395
437.56335884253696,607.2003147192867,1723.8493952079807,361.2456711669884,80.52953571950614,5.90567758405477,32.96113386732
139.368364934926,2564.6767408642486,1413.712312826832,833.6624514605751,21.444250177846534,15.71123329362003,37.34302651638616
895.1736005916274,3392.2491702509105,2673.1331716782684,515.5516031962467,90.58209521713505,84.78694085299281,60.185708714894304
425.2568780385286,3998.073485344756,2826.9647322891246,630.7248915411049,70.66456991420822,82.82332961981757,52.640920825623816
698.4525182987594,2989.1617792360503,697.4466162228681,149.4640687377309,5.471992664705971,78.31464752783852,44.3110340983848
191.90544854974323,3891.863830463103,345.311014863271,32.92857278734236,79.9287118661663,61.47065065385727,16.308455047205438
963.4721480639809,2024.2792869485265,2366.7457768888607,60.24108511673643,50.64335403599074,72.34935532136345,54.13580390480064
219.51967373073936,261.051584305698,2984.8411407338963,904.8809467162337,45.26488963130514,73.84812108403061,30.16874881926791
239.56489325451585,668.886608717627,2597.6202060697547,883.8159604057686,42.051119269848684,88.93128703076673,30.088017041557
866.0337175298281,289.7407460220813,119.90733625026743,809.515524770224,60.66300664409169,73.23430296357655,36.91996798461088
916.9536069348346,1711.8238873348141,791.2274745840747,207.61597032251217,72.45785007829613,73.64593080209654,41.2178939100711
251.54003714713633,2527.9075722165435,177.85971727172856,530.2040654300082,89.59766157245606,80.40811727134837,19.00737415260411
496.3108437660865,1845.955669919003,2471.299162271441,798.1559295428897,27.294481294722527,55.63548559276319,46.07095920480692
746.8201593346884,2846.9374278253217,1765.1505800623331,677.922489443216,63.07762729104237,21.302879004260923,56.462150659280184
884.4474471202616,2454.9848276146595,1565.4696964428088,124.36598173917822,68.63426114681299,8.454247756905831,49.61542567358321
410.10006028543995,3421.9197291333076,1685.6271518897563,896.5857878142995,67.47971397868926,41.90435603818988,48.822856117379935
541.1685125069578,3368.11460146069,794.7312131549438,169.07556885018263,49.30006477829699,9.168567168606256,38.55790716527619
754.6305899937481,1658.5143208325294,1824.8331889596452,180.0777364792021,39.102254820370106,16.930403155433115,45.46261622829657
744.5791778201557,1796.4508312693486,140.46758646888847,901.9985428790011,76.23788170670916,2.3840011762435,47.98478761644116
793.8121235247806,2967.224326042386,1955.734585713977,489.7707697035709,30.000980404080135,30.020629103650986,59.23479823272293
591.43712770945,3022.519092665125,2216.579799027551,379.1629076969022,20.80531623982431,96.99978224020184,47.76200820185419
149.38434196453645,1642.0295768219523,2035.42747794989,558.1201748750759,54.582919376012384,37.89312726644106,29.710969055430652
908.774626334138,1718.5576402995835,1029.7466790210497,981.5833595037902,26.761085766217697,24.08926060510813,59.90751805257537
872.2939123549768,3500.8205646121205,2487.475599626251,128.43415068863246,3.3233162764539026,40.34494771382315,66.90613658114204
808.1925640274164,3272.3130320927407,2160.854791496572,759.3793603041446,5.157574338230542,30.13385202066774,68.12386562064516
144.869353302693,761.7489429308961,428.4771026266197,340.9826036216862,69.50105263868747,67.38768229283608,9.069999559542746
244.17749872735774,2261.105210409428,625.6754505880293,125.8787781391475,97.31458459920731,63.44667611590806,14.551036178409078
756.4203468522693,4474.259785681892,1929.4698188758039,427.71402179940924,45.4688383626075,2.7342907770496194,61.84606339572842
71.98308985284912,277.89781291192855,903.7775939902771,553.2653489480182,14.706112558473416,51.13231558067851,12.605381867623471
980.2634020219157,4290.303337772647,402.327177266399,213.90202135086543,81.80832105293531,3.619968767543713,57.988043894515975
408.28744633789665,899.5729696143038,507.15852979218204,411.2167645056365,26.143589697371983,67.7363266414275,21.04733315653014
733.3469070062824,2585.518299062408,538.5706825941819,639.3192652175676,99.56264616038806,93.58083306272584,44.20064459941165
893.1925340636411,2179.2485017227564,1459.4831751142276,580.6835395230199,56.32641658270601,90.7487878727419,47.337982431747015
424.89839374257815,149.63375297314823,1841.7870876170173,725.928988114302,23.263254856010064,20.571211209092656,29.444446661609412
353.1758641696827,4585.444991739197,570.3867108205241,838.0404876080272,49.60047695243439,74.26451477213934,44.17988146681584
628.3040724533344,2329.1336139380974,2151.865000571502,415.04892845167996,33.538127182964864,79.30659710405652,42.87273569785005
601.9399050606481,4775.914556127013,878.9871921295089,428.73760270760516,77.94719846269477,86.43675331093843,44.40868723537697
438.68297874355727,1505.0451147981676,969.0965082621846,501.7252131106016,10.58158858080558,25.959867080052103,31.83074289743029
621.686018074323,4344.751289738265,709.3209321686173,570.6898445974905,85.70027170325483,45.08348459721601,47.14681702337722
938.61230108817,4619.70891257859,2366.3581010324133,117.23944749551274,76.73368942641346,22.15044290365904,64.62148653015558
494.25824379526665,2828.478840216825,2881.4508071637874,319.50900065282633,86.13638039014874,2.4309457211191376,44.66177850318075
236.90507171309974,1093.1211605518158,1502.8745536003735,180.17287742325402,89.49937460416648,65.90126278649572,14.856381476909956
408.34568373885367,3457.712417318028,173.990392224377,391.99423472069026,22.977782294308124,43.14636178931456,35.01215499964789
424.4016334634627,2789.9925259943548,818.6794834551538,973.6205318482961,52.10058072286208,24.81168805635673,46.1917156840708
174.55325837490886,4728.195362677867,516.2483588005958,586.90364711417,84.99222201663773,84.7103947299612,36.326870183618695
204.72792552682716,2252.43310287141,2536.148740313453,435.08770472134086,37.73879721161115,49.568063997920284,33.63877802591697
700.3339697239934,1415.7168734351278,300.3192629279552,570.2775262714717,6.040757679563247,99.46576772125906,36.93456404311244
372.50386649845757,777.6063073211249,2901.1049100307323,672.3857898729075,29.163435653851653,79.3357826938967,35.6340498016719
957.1534722630172,3523.3044865647294,1786.1156410426468,440.60392865749697,24.192031147481085,86.92111997359198,62.303995091198985
281.41690809067705,4873.137133004853,1577.3323718687816,453.23270621035834,87.00626186891046,77.33322487976717,41.65900396472371
143.97827984958118,238.88447579985254,2549.684336136601,704.3871180878915,46.38463494091483,10.592489895062162,30.01365359165817
765.829334850245,3728.1822384128213,131.26548280979566,70.25395737364424,68.35442374463132,6.502900065367068,38.69044692308783
886.9842493219766,4641.958776542367,2342.6006107506782,544.6797626054607,96.21191496915854,91.50787726144635,64.16520813100556
314.2076890279135,466.4295177140118,393.98193442712386,551.8545340955244,29.918785238520375,13.819718803980209,22.2381938588096
241.98369656320406,639.8332210200524,2530.2953918742746,759.1847385170971,76.11995575273957,39.122615067426025,29.88000508707668
226.4778281275328,3490.5897824035724,1611.0698467516925,982.8183048132914,2.2764121518721425,60.991101155593086,42.6659884568258
545.9116862981867,3275.020541889363,230.33173696227078,797.79723891894,10.411617531152817,21.189834990199564,43.77213967430999
494.9958091844324,437.2543350496039,2508.072864463907,508.75072652396335,16.18650900032781,22.52850437077768,39.76280561339902
296.4678478618075,4188.671485540666,130.57664536019234,177.75864781110675,31.241833687250843,46.624134229137645,28.853382025023688
92.91446113995507,2664.776854439973,458.1935440361303,592.3783619168389,40.29872151293784,36.089509145992714,19.54587079932099
507.4167733099667,4545.267129349401,2403.582345288555,835.9558978455591,47.701589073225435,67.65756670198043,61.416647267986434
961.3657302538279,4402.155316864251,1421.3698153807784,933.0899230088792,24.53313462833975,7.507619552062749,76.30719460733735
669.8932407150301,4081.288068345812,2650.0966778467596,827.0572756991596,6.621531961013593,48.875866947781965,66.44449110239093
520.7312287971876,2627.9045915976644,1924.5163547336963,197.07892029893787,67.75230918402433,17.425991771551697,37.39858751436107
155.1574703281353,1333.382144572218,1889.4098253927036,715.450105705838,2.366135353426446,60.67250090007481,28.84068747579561
289.8144760221079,2579.2799691645496,912.0935630894438,881.3533980109848,80.94706348587249,11.621329176034312,39.231224660411186
330.03525209581557,593.9757512287223,444.35754447761394,684.2067969607054,92.91548251512015,19.763186652941368,17.335320582820728
776.5633749768726,3328.3461275197883,2885.4585531452135,688.8945205189331,71.03689136596344,80.38889828433135,57.10092581093582
882.8752574013884,756.4883742221374,359.1531829730157,505.1606633885679,59.59605172748319,23.516699003801378,38.33120090200762
906.5597608881166,2604.747516253543,1610.5812702170244,640.6064599042501,65.70185293286328,73.70653387938256,55.37830390440536
985.3401778382164,366.47167341740715,854.0773429626017,301.4369120307909,65.22220466175943,27.306269968819098,39.2440515104611
983.2483489493059,1567.611202345765,829.2149575652915,97.92198591788775,93.17051360665005,23.50275052338311,43.6400310329652
955.3491761295824,1237.1942572819603,1804.0293469432986,829.4377556979464,96.43058711939673,29.91547828812674,57.48968711187557
118.23103347774016,3138.1545592871853,2403.905645677663,943.7128643176005,42.671164190822175,88.09319844227485,40.162783966172974
180.90385913141492,3955.2548889102927,2342.6794743522723,858.2541120231748,61.70791761484181,39.7165659336728,47.0249752482245
339.2432001522312,380.78447724857807,2612.9649831209827,340.57441824299497,80.28070537341722,24.37605298839737,27.39828654278927
575.2533413612384,4266.390057261383,914.0630768414829,102.59484979484901,0.10381571721375105,53.663947369691314,44.91043743802344
142.12899427020534,4317.761705277562,1423.9665760594678,287.33700375509244,52.701591682771564,38.564141178513566,30.19602786986773
853.5071099120354,1777.1184640113115,77.53699099907362,844.407022051801,65.28763398176977,79.01975197716632,42.0267828857968
635.9183701234437,3329.119923254578,2253.2299882522784,659.2563625568839,71.72054497375817,99.04456183130277,48.14218641752521
565.2461821870947,2072.8038553469028,941.912180819735,967.0273016619078,36.878940939628116,52.65744426658336,44.51452483459684
207.0457571989266,855.5353227291944,1706.40592314705,349.2542082527324,29.564442061159223,45.17488976528493,22.138849341948365
290.5927006801875,2690.445850959241,549.4358319573795,555.957399088726,18.21425665679085,34.30353983138856,28.46046813835815
202.29642373314516,523.1624050578235,2467.228546046269,792.1378394218456,55.78155490526845,97.33387322701378,26.440113388649134
859.3364999050586,4404.513561440341,2460.9530468709195,241.6520233044942,91.93034322521216,48.3283276004682,58.82791652586623
605.0164670581573,4629.019821107082,2638.4860985212185,964.4490749130691,89.59781507240481,17.799685993604943,63.93696865673041
748.3729561436518,4125.904371355878,185.51414146483236,596.4736957668968,35.99659271576924,96.92159053846761,48.48796876152119
331.23121976452444,2856.387791704295,2977.7531938362904,17.818587686456656,25.785513993820263,96.0882125999357,32.136198859207724
402.6900052338633,2832.2330965147294,780.9492725970989,34.90174287173227,78.8793822670777,43.572505233507655,28.077641591689297
434.6122162052071,4924.576145344556,962.8293738396809,883.3938562375793,72.49800182441882,34.818601303295715,52.11352180515909
772.0142231568332,1314.718280172796,785.540401111816,648.8287124834667,50.53398311374922,68.04374466886354,43.36337065750256
783.7353382908396,472.14699293551666,839.2214601812705,765.4417938732234,38.90302595388575,82.89241307856099,38.27069318197367
246.47285113833013,2853.510525645771,1680.3510005057576,786.175840947339,12.379790374517496,49.85321322835274,38.962629699956544
944.4619139011941,1711.0494292695062,757.4411056961497,426.2551784882687,78.51385890922366,33.081299105303344,50.89614604000139
164.62257057150208,1679.4599867594168,1211.625368631194,800.6251336808788,61.74644435816974,30.139401086301344,23.574650300744405
901.3159783024488,134.71823543274542,1984.0394182074854,938.1571203644127,37.68816797380167,32.65987272144181,55.906005388040114
145.37586336731883,3021.5731067848715,2516.277300554294,180.44939669192541,91.87879760667995,11.803294012241006,34.43635371809939
301.3128205937455,1393.765141150509,2093.5874257872947,766.4950355466004,65.96727064118622,77.86204363552088,34.20321511548751
854.1546092645591,1020.5068861441368,1803.2523921226034,314.7140875394094,92.92388668437462,10.495986351913643,42.737749203442434
220.51746872878306,298.1164638257182,485.7992594961527,328.2780730233153,47.44124603396439,39.83144949338527,15.76548152044836
442.88953474447135,1885.3717247304953,2457.541024546784,418.62730252602233,45.46178240639299,83.4943337140865,36.24289779458425
477.3663349469199,4406.947474693641,159.96091957946413,865.0823247090046,93.72392903140796,40.410589569189995,44.04740867083608
282.9960243720492,1749.6869572271244,829.3654065441411,31.835506636948672,95.97914282435333,29.476179792595236,16.03421828010569
724.7329412691872,3427.463629586009,218.32380494928552,439.58694474216134,96.07673188788863,94.82537238032673,39.21780472702333
858.7679169320936,3807.080120669346,2018.9154779741646,683.2471730735779,81.88973939074428,12.654375353301061,62.34179913244328
880.8463828627932,1707.693965031978,1136.6946936508677,119.31130369969675,46.24061448243386,88.48539027844743,42.87995559633578
372.3560384497329,4126.039601559002,1973.543025454357,794.3310610472423,21.02992942690588,6.20767987368046,52.149839049932304
554.3078745734238,3490.2103323680503,1073.7413299455914,942.4835719183794,38.344088127782825,41.352941285256996,52.29881855745832
285.9860836723689,2840.2869206346627,1394.4351558585079,100.0254728662088,93.82974915177886,63.17210554978671,21.2239829454166
282.5566764726382,104.86307384808168,1400.9849799902336,161.41865645256934,36.35542950802999,37.00383841416809,16.249067100785524
203.1913597093279,271.9447530217598,184.46292831925658,974.3562526967409,75.67174268235375,53.46064209614584,14.662645437500842
943.0180602671389,4955.24263611971,1319.1682527207106,205.87708437788416,92.3004351091108,20.40016665871822,58.8795981735157
893.5893871753009,3933.1912251674407,1941.1398711898478,88.15027894617243,97.03921628814297,56.90345174668367,53.999185040133014
788.4907776613077,4694.06976798744,1660.8541259225296,952.6706110319412,94.7674146875356,13.455871689923814,70.89312219725409
541.7784452233426,4521.2857040983345,272.0871105209474,893.6964827113742,55.50575977222759,79.60963160895763,50.67982154687426
516.0775197362783,200.1706173994791,2020.765157775909,659.1682180057998,49.18800746508703,58.378991344212984,34.949366361600575
553.2583828733731,3980.051719976262,961.1451270000198,555.9166180146777,98.76405087679862,48.19321148188526,44.736120837787915
559.7396128982348,2310.6141456546575,92.58266819811517,920.0403693397427,21.81792045803068,5.466679583308132,43.20414539585499
462.8349304628058,3968.835199603213,509.0068933985234,658.9648743603085,18.75302616847626,49.977433591672224,47.01423475483968
175.1670912474641,132.9073424005872,1517.8009890838505,661.8126927219192,96.31822977458351,56.35694303612403,15.269878695574832
169.38066022510918,1512.1765758827648,965.6848941387026,845.2487085599334,68.91948218241696,26.566751340716454,28.30813479634773
954.6372300533991,3781.4865013773806,2098.4298905729747,656.7132205194966,53.63040097981578,67.75903409082218,69.68297891321643
507.929221607033,3985.8018641477897,759.9277529190051,508.6401181673008,13.20497928413057,7.676514871352058,45.98823094887607
955.5452486599295,3136.6015459516575,2329.7486970017476,395.8242829194634,51.324024901632924,20.868908144849573,61.36743877024936
205.39803382460448,1576.1553282866923,895.1076851122408,508.10255386332835,94.4221153521555,73.75485173242352,17.39369743854029
576.6957244379369,1620.7766973105283,1881.5479373740263,527.2538625963225,60.28913233486717,14.722221892602416,38.186807191938385
247.33139068396227,4837.14342184596,2407.6883217409813,367.2235623070693,40.46286224395348,24.55488196226161,45.96471678708403
290.52537582027145,2252.139678247602,1187.3905794990592,453.6372248905426,55.110300146512834,65.08553479043843,31.414430412002144
78.55184982311985,2290.9151961948014,188.07457835563784,803.853213534886,88.61450870177845,72.88417038111123,16.51318900960183
163.00564520320074,2806.4304761794274,1629.5642871236987,422.34823498912897,91.28486611353276,5.148925462343201,32.71169561630566
921.0059872477359,2106.561450635505,2986.456731556276,35.304168969075064,40.00881656528953,12.658941325221507,54.51286395975753
355.4563419082151,2808.0906665273296,2908.526005811895,290.18912855611063,60.806100243432205,44.61180058432627,45.391086308194275
627.722751318862,2218.4435715610334,702.0154721352962,239.42444545078118,27.920261268283074,59.27949448321963,34.09943774553983
491.76342538980936,4150.903106050715,2279.3047028015444,795.6461917136487,45.10852961584765,45.37812343456108,56.41316428153351
430.42868298301437,4554.349997011592,1067.6079038691946,454.8001278870907,21.98826367831429,64.7069992811758,43.38657451616029
555.2917867787647,4667.340273095272,522.8038165401199,287.5074376047818,53.14722618655752,75.59929065219589,41.541966773603214
227.87699738457445,2865.0514085639943,2014.448366777355,812.5978350032084,57.8240134964662,94.95438475079024,40.268689314998134
989.1737035935977,2266.527931576027,1527.5627521039685,29.02463651104589,33.78367361307731,34.98807131294471,51.77465705838794
827.3924752686698,3555.676288080006,1640.730145084248,182.50833430390543,27.211830063864817,16.31047685044661,58.07432291701136
754.5339010949396,4207.785597349943,2490.80835359475,828.6852712018419,15.102560663145193,26.40840042882039,66.96741405400061
495.32133216325485,2858.612986125248,1042.803843867898,555.1452103837986,13.954366620615977,14.816444505179104,45.36903950804165
195.2332660200192,3529.90700692908,2017.9295406892059,775.9132768336856,71.14611157141177,39.42456419729161,38.25390412106103
924.6325653598894,3773.6738185341155,1130.2648275397446,839.7942546144568,22.163800357270336,87.25672659015655,60.6644242072288
374.31771401264126,3414.329505914705,176.0354949122661,942.5438537026542,11.79770211065605,34.70598969443566,43.462833556996415
97.60135521208709,3756.0544230736164,1165.1445666422294,72.79035331030461,99.88716897642888,14.882270222259674,23.94677155425095
375.28349297009726,1122.362129524392,2852.601666452197,801.2423958654873,25.9916501889057,52.263288202296934,41.2489947180064
804.7341789710902,2542.035280406808,1475.6243221608304,711.6784867376365,89.60483154281322,99.19438166601401,51.28310694901869
641.5733077387978,2982.5159175649273,369.2797886687611,214.9553446697936,60.91859537519174,18.81812186687595,40.63545440405407
763.2966555076167,112.1418611994131,2079.0891466598664,932.3852436767219,71.5070166806815,77.78749517567218,47.86691439238038
803.9536146692585,4294.216293187042,2891.9690816696375,410.1598615033281,56.09189114996354,82.33589435743026,60.324454539123096
251.35688052651545,3089.120091380069,2728.4384773055585,888.7344221802562,18.081119505996888,40.13383435010019,52.060592915380724
927.5941502885212,732.768025321196,1737.284471534009,609.0625676182761,84.70515714526026,61.95514386645249,51.32475993230171
466.090122774354,4100.1496556215525,1160.028195828167,531.480467075547,82.79727664867842,43.23734507511886,43.368944433164245
657.0629668009564,3613.5791355586684,1762.9991221022592,167.9286945570196,34.968546535026746,26.232693653997185,45.167734327559266
52.1933339574049,3815.6677629718215,2456.996633487786,915.1843480444397,76.38506964114639,42.611880007236024,37.50925912638189
993.7000734906192,2021.0080631230953,2590.65015895444,561.0952882886237,54.30402583444278,9.529013663007158,61.90794257968193
316.85156666594736,4285.592282805461,2465.5894605802014,16.03148144184927,90.90491405600648,70.69561136608927,42.04151347652797
108.95995121314748,2128.735152448575,1393.6553164031263,28.10169565958038,80.28243713039679,82.91930316293042,13.729689057453957
485.34893945968827,2895.4948494333976,400.6310692321784,779.8562789678671,4.099576980203079,30.739993337048276,41.88074785119287
172.57855432293965,103.14728812938125,1729.0616088793902,170.31698984460573,87.92759721912583,56.64768243799825,8.813779105266383
194.71037464969692,3259.878261921525,511.4650426984274,602.7510512718637,96.85664179784898,23.21485320394364,25.402464842312995
650.6686723786996,3619.06138142689,229.82708499867516,684.2711423146405,74.21562026251037,12.74604501728117,50.120269810313324
423.2810219917216,2878.8358908950822,1521.0701086151396,286.57193701901184,11.991353084706802,66.36185651121598,36.96511248095269
925.7598276472453,2533.1382035137185,1983.3516776375525,573.6206703272983,80.73758898371202,13.410759650791238,64.13050977100032
353.19866987766653,4068.6887211873704,2569.7345538988593,247.85615852918397,64.7489042623586,78.19790692061673,43.6950951310046
739.871121964706,3438.726314109685,2359.3648841651957,946.852273094271,33.88263175219802,27.17545487509241,68.11066581533183
488.04445864716223,1462.5627946281127,2578.8595126318173,861.5684547856754,88.40305511926667,81.85133930026606,41.094212612902126
676.9537360728149,4799.45935659193,2292.202873921627,295.16236358249444,56.55666884531728,36.85045743904269,56.18119520920201
619.7105888801909,3565.60925155717,2124.556220873111,533.5263460408363,85.29279310194022,36.88425926429848,49.85078809443574
499.1447741210483,4940.900751670881,79.90582896506392,505.62652858236663,67.01137485842428,75.05727606724842,39.63194802014557
952.5580398932152,4859.180449717455,1897.001819837171,960.4230253705733,28.85161037049282,51.02657746354712,79.8088655324375
375.5779606172081,4602.6576417694405,405.4213222103972,400.0884923820155,97.50186958610365,20.09774264098739,37.344682247762435
218.37372618680894,3801.3205520040074,223.06804038099614,566.6052790753512,57.10055479395585,85.0408548053435,31.538283433608793
694.1893578358369,3086.20390563514,511.41584871168345,929.4195289385627,51.675524182645894,34.015320923575956,52.28126298052466
853.7071832425133,943.6362520463287,2478.711876253163,171.18294066479257,40.350962825325496,10.277676083840149,46.295758330072914
88.24105294292757,2762.4219453764126,2244.355709645063,554.9807472455547,13.634420307768735,41.60010449228776,30.761303009368962
477.1510540015465,3850.3449597322037,2848.8785953553765,114.61619115821134,68.62128800361617,57.396176316967896,46.36885614924268
897.86330520296,2652.2000776572822,2937.979963018711,621.3239425003155,43.0799198005814,60.98853339390975,62.94596982214675
762.1376879767241,4354.371729187723,2685.187759803247,372.0263713531346,93.4612510355642,83.56078453038201,60.85737013602844
992.2173306727468,637.3139060393215,442.13185038214755,967.9597124478047,96.50971686188983,54.14068237934746,45.323184390619694
554.8431210173816,1966.607705438307,2641.229085728692,421.25508933704106,76.7640855349951,22.37104830673501,45.36103227315505
676.9959328610937,2579.2256511089204,2523.9795476265035,144.82576116628974,24.249476370253518,26.166633073590805,52.96458562967388
337.3562670810317,2218.3939497586293,2619.703286586107,835.65996131912,71.59796808039664,10.084058829440268,45.13014339050404
950.1588196826928,632.0740843256101,497.4725704936497,822.658024508685,2.0421750965055496,73.59242892362617,49.42466076146893
398.01871412870946,852.2886408186896,394.53589193128676,697.9110233473566,82.64005028083928,10.594154649975795,27.401458377368254
751.5851770522971,4204.3247349918865,2775.236194773041,751.3236838653858,49.36185670905291,60.58126322747955,71.72121381810301
432.9831939131278,2473.48287008711,562.7886149467884,272.0680655125128,93.67396498851865,59.69473940466132,27.677256029392233
583.7279835598493,338.7398910883654,1137.4341065756735,645.6329654185535,37.776004132596505,78.55035569753578,33.429423032025376
733.793408270469,180.80716899048457,1395.1553060074777,47.639672493339695,26.31736044838443,7.46296996854211,32.4974701597201
533.4874441637866,2420.0294697722,417.1054570972151,204.92124245113422,99.50563387560393,20.291134351117137,28.005744066303663
911.7320105640331,905.4557570297741,110.87114969601485,932.9566530775558,53.067787151207526,90.95623770231384,40.764964242654436
448.33593853141974,3555.117135396187,2982.5668858129925,741.8429441118321,86.31825424104382,57.223682946201215,55.498035421052506
664.718208236159,3997.0849663859813,2636.1388722631355,238.36581557936523,91.10571640210087,45.769021311007855,50.64210840118983
375.2443116350514,1218.6538714398173,2741.3968915843802,120.26925862409522,51.84687127814234,74.76762654622817,30.271779959949274
437.7488348194624,3001.667029920726,889.4610543527496,949.4302504198165,45.57139255191876,90.25304510891583,43.26712308926348
468.04760282187476,856.7787530783914,699.2996395990452,121.06578939953143,55.28859547723501,26.300963694954895,24.193030306775604
169.51666739667098,1587.5549928124965,1306.3063466175086,264.4993475667757,84.7739502881414,90.14756288113433,14.33702455461331
137.13749510605635,4455.097921489023,1387.2921384851202,190.8076530694626,96.46602316007996,10.869462604075364,29.530278350208828
684.11542698942,2766.080648263323,66.51834464950987,17.389182207650283,32.83221093697162,97.7683047729878,32.783776452060046
672.7418514258997,4440.854606206581,2348.796682051507,320.9934263570636,73.86303821198467,16.485182509961017,57.06085741743681
679.7642284995904,1203.714240479584,2990.167762518951,974.4370828827749,28.537447728995947,26.623636860229393,53.54208918474299
68.77812307555709,1717.1192819184635,1609.6380668011636,348.4842727512629,61.09530413315054,9.659394009164124,25.57686409124671
360.2195005381909,2407.6654784384036,1195.3631502867313,509.261830673096,80.47895882182705,80.36765068866004,28.24090223212807
237.91935489623708,2452.39236845326,1208.6180850025498,748.4764260825635,88.64863246612933,98.42320620416788,26.0217023664084
789.2438514168117,4988.475039200132,333.427539907697,555.5693010584239,44.87161842792467,29.69765085697681,58.232784326310394
867.5988813263236,660.7820629585374,835.1773641738347,746.1555923381835,36.975568256589156,32.56119604017938,48.69340007521229
284.34635836483994,4274.628674447795,1531.291726472162,665.0195095086101,25.345161201088786,27.897990338000255,40.87802200523484
684.456700905587,4332.041993167164,1323.9516033473571,612.4773927690246,13.341717041818757,15.48281002149251,62.90659608907657
172.89466328536074,2810.673294535158,1657.852499942175,653.1524181396277,36.49175686436741,78.74442167386925,30.150735778916104
311.39489932162763,1785.7821244698534,2554.7436634803494,801.1727184574685,87.19778047478472,6.071984000912245,40.616866069355794
181.72177142174854,2644.2079110126515,714.4647929638553,713.0894808530932,41.88095162106382,96.77741304742827,25.22703209470602
319.34472826926776,1533.0917535521626,131.60933367362026,793.8571714981396,31.7293165811222,92.73155245090483,30.165177181429037
690.999719981814,4015.6264973557036,162.7650635840852,154.14166190069602,73.91322445864148,11.84390852842464,43.412766499825445
914.8105646759899,2541.5678776806176,445.7979756552322,680.896995383435,21.558447162593875,52.95238512104824,51.67288347105523
242.39628752797665,4636.626676499508,1732.9248051729874,739.6516932022778,25.628680248768244,99.2851358644337,44.427983759621505
564.9750832031832,3151.1875873446147,2434.145189611878,306.9667681718662,93.59086483383024,85.26192490484263,43.58674651979244
716.3215461812607,2620.1647322619483,2666.077520877863,875.8315545648495,8.158969261721671,71.51337259585594,61.10051312704255
955.2763450612874,3584.239834490496,1923.583945826165,311.66448726967343,41.46311802434233,2.2460945440901936,64.56020386815514
629.5574587428151,2569.271525708148,1239.2725947301356,251.39379818273233,57.67511923948043,6.837744536824141,41.618983922909905
292.3515844760117,4532.081117055291,505.8183890606349,868.4258473257061,23.026071561460558,79.40170984426925,39.883895585317354
644.2042490682395,1003.7852083455223,1234.1841013582632,254.54963973526242,28.10124842347197,37.644485419096874,33.41728399255364
354.4666035941154,4869.408550354938,1030.6246450279614,421.3474378074821,22.184536474866444,66.84318774590477,45.29196839588435
977.3219711571223,4079.733704070841,2616.576348528556,374.2436017364507,34.51855720606416,73.9181627043158,66.20493026807654
429.69232840545504,4317.593473137861,1485.8221633612914,899.0812043326897,89.85057550784484,42.218417752508905,52.62103127790528
701.1563347229635,2466.248378618249,717.27790486586,460.6833809050846,43.158734657166505,14.338175070077952,44.57280369233284
72.06620322942055,4202.287591754227,901.9631471065507,697.3658439632534,41.78290165234317,38.66945030792118,33.93709047685296
430.0583738280176,1603.1930095283053,452.5869854009326,796.0985155973907,38.65808801743893,87.10484423186045,33.96963391147167
881.352232656386,3833.5460749644585,2759.827074753937,631.6245449397045,96.41157269375744,33.108577903197876,62.46722592485258
629.7160722115835,788.2057761062109,198.52024639758218,944.2575533416656,11.729943621981565,6.264944259457305,38.549509300315805
471.7457420761775,1604.5543882162926,87.89643323988795,804.482453963448,87.18754209393664,95.91314171847817,30.966629472975033
939.1406244639396,2284.0900504626907,589.8173539042627,406.2045613981145,32.716106772797545,68.06769089738684,52.868460323419
861.2851573398676,1679.3666189027672,2442.078352836346,951.3037248251063,95.65115917053534,54.085675193756586,63.24990073143218
356.10489013179136,1996.3838665584997,1594.2270205616896,529.3290849386208,31.522724624365882,82.91073466812378,32.760877725514234
567.3209819392727,4118.5132494401205,1896.2376977621097,32.351549715446936,8.287436325632047,41.11606780970959,49.089830591889175
515.3330432878396,1357.7118714966211,1105.3084424764177,267.4131468563678,52.004188435251585,98.51157940105954,28.8807364640587
650.5923751091192,3751.877743557404,252.60005737005162,625.5122911668939,22.786557930991037,85.75730693978237,49.9363014378169
367.4057036108178,461.18913864709407,2575.666579351896,165.24675330119237,75.29898154733759,28.054474165599075,26.13723656693153
281.99475072759384,3852.121626823798,616.088102769952,588.2273644442716,65.73056183279544,37.104798717763984,38.2078796711858
917.0382434927593,3980.9138898658875,147.52464160808833,367.9820420844545,68.64691579223768,27.57429641984457,54.59663570139046
927.680774523581,2068.323999962162,1739.4772010029214,539.0416252576913,19.348948861063665,65.93408428482387,56.634865689492685
851.1567414738801,3640.1413335206053,295.70320013457314,11.856099394520342,70.86302648851405,63.93319310674046,40.61181603876657
979.2942092263332,4584.178178350986,332.4974629865109,849.9371411220114,31.13310269803373,52.250587351271705,66.61551384553348
757.7419494907041,4023.4935704171817,2411.1122428734493,368.30623289777304,99.8674028060071,96.5840374572831,53.08909578373534
776.4338671338996,2013.1879009451034,1500.2482884880867,148.7568499351735,73.17676630740063,47.22752881776897,37.98126565567526
774.4605873645087,2472.6462199723155,762.4499341290718,443.53669843502917,59.04115074085128,78.37223941965654,38.9349692362375
506.5772493951912,3918.8519694504466,1078.4479489105804,491.31552055394576,86.7117779215548,65.80951171766698,41.40130290050455
483.6295847885581,1533.7134902607054,2201.260887587356,641.028683391227,58.93116997194271,51.81849401446683,39.02014859229712
278.214962341553,4039.0254275134803,245.74472703197543,529.3168159487569,55.274986677553336,4.20951072113983,36.38949451404793
662.5782346413259,1707.5485985486116,393.6178170029692,53.088346246392014,23.731560280537956,65.74950238201316,31.407686952872986
324.8541292972178,4049.353853689137,1867.9730032221805,872.797198856987,67.8111995325425,64.25950842762254,47.91525700382032
294.9179892172367,525.3221724185444,1840.5666166779665,461.9438424690917,37.46444282494614,12.48739945925481,25.940861147085727
606.663305391252,317.54675486189166,2918.7634443793468,86.21789480767883,4.308262781213035,79.59149753606658,32.22523130170903
439.483268813791,4988.609692112129,1154.9209697035765,775.0999541638932,81.60617963699576,46.699408344504214,53.50346037469765
257.9137783549006,4360.3399038499765,241.9790001736718,663.5528745952375,5.187316664874187,32.41460144048087,39.857218432977064
825.2532159151896,4425.952766984399,1635.7354328064023,652.9433950415296,67.23001228405259,82.39593858459658,60.42068245065886
867.5414233296572,4761.271743272426,1933.1230946972814,432.64486171820545,15.67208914849152,34.33709594978237,67.35900197121273
209.31454369389192,2247.7499161309906,461.82821806943474,416.3920919947785,43.25695165708638,62.18507912838264,20.015818672549802
57.13168115999988,1505.4942179327459,1680.9428219288304,540.9752500234694,85.90916585467207,61.791480145649224,17.334705681716084
369.32347010290505,737.1224755877247,633.4130088918806,60.088468770112236,9.441954911414662,5.280598257326696,18.53805246588885
807.6352938967149,2555.9247543384763,2541.9536707491516,305.96818657574164,66.71506785526209,42.28336305747159,52.17788511982142
847.2151729226082,1178.2367703353784,2513.726412562298,988.0152318267498,61.26187424860853,22.277874993195645,60.39497537413592
181.41261661024677,4684.199198022667,1317.4058331954034,665.5705642367951,86.75297463562927,19.95706619010559,42.023303331065684
785.6191061238986,119.61549596961757,2901.8924120127717,424.7448237631489,17.27348713240667,65.49618886272098,48.70374032914119
159.918958943958,801.6640149412957,2940.332929626738,230.1394719110485,79.97875046358048,1.1409995285753705,26.73257559521665
420.5594606487028,1307.7316801087914,431.2907123954775,747.7572682812312,45.01211967413282,96.90789782144964,32.42610566775171
998.6790392613201,1074.8878868066558,1134.7557242557796,267.6874066091295,42.864391249324555,39.539100600482115,47.29501713528206
232.96128206936433,1206.3143392405805,1820.9483366376016,170.7464028078324,36.178435083987495,29.88035284449051,23.905977953446072
196.2654034487451,3314.633264799774,300.2715382652609,162.9697512319444,38.55741461959179,91.99743999374573,19.6420772297507
451.6603159194538,1704.8091837344311,1178.8337362517043,731.9706463730851,51.99596264252251,48.66721421068449,38.23776375378623
638.6850996713683,3113.619471326529,820.4576478489428,646.3821517458302,10.67998229234658,61.43252514852777,46.474178663411244
936.2557432925906,4462.263874866827,2858.548151851777,79.10803837751831,42.50658698729579,69.58507486369615,61.27890982099292
981.7800882563826,3052.52815107594,1264.178177352838,123.89238720858049,65.19812150595229,87.14112734844635,54.00306657714543
116.1586047618249,3503.210677303269,2299.879032715162,637.5083986800413,49.81923534383146,12.974198981705609,36.38099999409811
181.09764148051005,1890.9661612846508,1190.7808223609127,575.4049408534374,16.58294688496228,8.165317909202363,30.237942717127993
801.2010752011942,882.7184913512749,438.8456077355646,689.1390697680953,36.305170179163206,99.37107843347391,36.002303311282155
307.1005446573174,1670.86190600454,2596.2970139745,186.25851927962935,44.29616744259298,0.8883801626070498,35.435633128815326
890.6066065310425,4824.98497865013,51.22990486415638,729.3220271549955,66.88748146329682,70.8194753615026,62.76416317666962
680.2805943676324,3146.875783820372,215.02557822462757,936.7355026572443,90.07663225374978,61.106536195862105,48.43414624902816
156.2525622616433,1459.8044852266744,1124.9339973962776,605.0398113900868,55.037551258781846,55.25510217091669,25.069408365329153
840.9028206778067,2309.4848090943087,2076.3498537802725,204.16871944635602,67.63681281173642,78.58279591800934,47.130665082882
217.53856100767206,4194.0138834118725,1058.0276711077884,682.7484167312655,7.718962543940444,99.24729476354587,44.35240749552662
452.3206249456711,3375.3734964582904,245.62281198187614,349.65086671060374,95.44670293475932,4.688582149392739,36.03961524548305
574.5756821313635,2847.1989195729243,987.628099515739,58.79486892186421,31.52086903555229,61.453049264318025,33.266132189816254
525.7278416262643,4437.298095505821,772.6935340209789,309.31530839897346,35.42917496879214,71.67776685390507,43.908831911263334
701.8547698343929,3394.9539038622725,65.98840946368398,906.5292509306306,22.284278064151263,30.593930617301858,52.44240177518268
670.0523981257925,3249.3756808763674,1627.6656438821853,417.02792697421546,8.467007176554919,89.28613849209312,48.578742033282175
992.4399052516521,1029.8638723327638,394.10544849534887,866.0186846507814,79.00467901418511,45.69928414497119,44.46747733000427
999.4508137629784,621.3045467607981,898.114051950165,513.5727500875637,24.04900817061728,16.44784619519467,49.223781369390565
540.6364325038589,4829.196373581255,1941.5099991561228,521.808209070004,28.26877353453131,85.44078160203,51.45306993319257
140.4391326128208,3034.406013491728,2189.0912820277827,15.164157854245392,18.17962766062726,94.2925620424644,19.323190800399416
741.4511340202824,2136.8487048175025,827.1940992252664,640.7330325560824,97.48852802988802,9.95149183687436,44.14996410311858
977.8308743057597,2986.202022460066,1021.1213296424403,116.73570658011604,78.10347972792044,75.16808671545532,46.45842050426647
352.4100682475693,402.87860925140535,778.3822524760225,483.9609305352338,92.98996499807005,21.501421916521966,17.62165877801209
488.1484415456951,4128.423642130123,2872.821370932766,267.7136871015179,86.17233670535104,0.6722217669021702,44.00715802641007
453.53807857468314,1161.5631242652462,612.0331946128383,398.4591361710217,90.62967995452617,26.061382288538827,22.757041085033787
98.8481968290829,4042.2754309579404,590.382780719345,541.7065821101328,47.9034051849193,85.49098352207469,27.644752580774867
688.6512096622725,2718.454371991692,1362.8541227030194,24.319473455953105,17.05414373571005,14.118387678373235,41.73011549254799
385.6708103150444,1455.2028669188235,608.453759641679,291.7377474389066,32.688033435754434,13.066888299846058,26.873440809265965
798.0906808999272,248.02874638614526,512.289946042544,989.7158149489462,29.245151698170357,73.90477062001563,44.9046600231547
840.5140715178868,4097.583441100368,332.8446362182022,66.82513456235402,71.71338376013564,40.63596385646381,48.24596112796216
830.1692472679532,964.6546931996027,1938.5051819193359,326.19955327579464,2.567268630734243,14.8486072534602,50.15990827015522
445.83269813788615,353.84506663537985,1855.6426519605934,328.2072602150017,14.204221491797709,23.000037648217177,32.487295698151286
355.4683981288546,3803.800881046816,1967.9805310400004,385.59206172343494,68.28851202548609,79.46019249856045,37.149594776926406
761.3797406837022,1815.211789627596,2331.235023627719,687.9331092579218,12.344235380044143,62.32687900580196,55.063752641498155
811.3199621505869,2007.736627399085,1012.7561377380987,255.26636069613494,4.829185077040021,76.09287725664984,45.76944817812766
516.6945740717979,1310.631177675523,2759.3500141551685,465.6666506946923,10.921516461119085,9.777323898803768,43.294372598969424
898.3794685594879,4309.974545614796,2212.9536026528303,648.4149311839246,69.06741530430963,45.81042828497125,66.06368730413931
186.71326127463036,1556.914677922007,2423.8903363145014,329.0988377453027,13.932525940470008,79.71062507813322,28.019330379085094
885.1153406760121,1129.943591780017,2176.838383288798,949.284854698222,14.630436113648138,26.5792750868431,55.987661879984074
141.29047132328722,1615.323659047165,1107.4441540260573,979.8759085932545,23.03001967590993,16.91889683760286,28.53968690723861
195.8492459518832,1095.432918320245,884.945839784773,128.47683201063603,75.09107041965225,38.178389381719214,11.353406019973388
557.1480126102623,1656.5105819455166,1296.4253552580917,350.38168555680204,20.0352912260776,33.33799738387807,37.97820651305824
114.14255617804427,506.38749205404787,336.23956357340745,215.89234910841057,3.5375396724207198,18.54727788822036,10.889550406852091
100.16674633010484,876.7971426853459,1381.277479619544,194.92169960154402,90.58633555759405,95.39449253562586,11.001920521320612
50.49280695742024,2143.5591286411245,177.26590013095753,496.07003995489674,87.63184242909227,48.30984045554402,11.710664706553208
464.50082670955,4409.387592390394,61.64058208022376,568.1888370535302,18.48190008964724,60.80763561099246,40.732343149789536
785.8926872276184,380.72465893920065,2797.9218714503436,431.39552019162323,26.534258977345495,12.110690874959506,49.24794193704762
83.09643276591989,1142.10606312415,2083.543738734284,279.8293243663871,18.855757144364095,61.003508813151285,17.24443346345181
669.6447261425626,4550.8938101538215,1707.4484938446083,285.83535851110327,71.95345389617299,55.532269320846375,51.13376136306137
831.9709515453771,4461.071903383616,1056.2510162980207,992.2068747773235,25.000888418923207,93.19293277730326,61.03709786621552
209.60080614897757,3429.309083150112,1733.0871433209688,924.440600250348,93.14497573785022,41.23168010720437,41.02290056260608
189.52054808033404,1278.320415066666,2680.1485401980785,85.13985257946361,82.76410243835689,78.20621004762171,23.50737230306886
867.7609249395093,2157.0717491733503,1974.5213951344006,659.9851454761643,58.84011275696732,30.4180978462122,53.89324245565411
831.9683794525899,1134.9828727460288,1827.3218939628375,462.30883140999583,0.8938224713713194,57.894035632788054,50.479915709627235
561.9946779509776,730.0836947134959,1407.6032837664502,691.9259562271703,88.36694064166667,92.6970397244198,31.535442493312292
828.2398853292813,1961.9921331180683,1069.8062404200311,600.991098485148,72.77616465325542,62.50713107588963,41.98455294901024
138.11827355327003,2921.525864844716,2110.7139860690495,890.3598760815933,78.79073965410063,71.11586837665084,33.61858942954928
424.7574420418167,1863.6701097775456,2943.893775996652,76.31843114593676,7.182520457199104,87.59845252025904,32.91888938664128
750.9076783010543,3093.0402972832517,1303.035195885741,356.1019329371285,70.85601702185423,92.54243633087995,44.64243306995052
294.5793613577652,1551.648203358597,1207.0053518418922,985.6391845178289,80.45894736241436,20.827487520306708,34.87259716827237
764.7124687118751,1794.6675860278724,1312.9347434768754,190.4624955007106,95.66353561570547,19.58380316291852,44.0198256391224
528.9696741712731,3974.300599058587,1305.3547057466785,136.06010511158075,58.04704727824356,55.04761269087858,37.72051921094228
762.7526885508214,4403.742181379905,2972.3430814370604,731.6822859405697,50.804185199927154,99.55163763063611,65.822270068644
491.44565596446307,1677.9669995021552,2134.995859652555,779.6608084172889,42.53967899819118,49.015232331077996,41.142626682048856
399.5091232107267,2900.4274265918534,1109.5941251712454,675.5508121979136,70.12876809646438,33.09049631034272,35.83527738009603
258.2297556547007,1462.9951910721134,1145.9320027888316,778.433870472326,92.08213047146138,53.72612749330885,26.70739179258954
247.96037436326426,361.3397443663949,1320.8509279949644,696.7843563722405,59.97550487160357,6.439577411570186,24.22427767391308
763.9162700428262,3715.5001886659993,158.3009533623266,144.412975466285,22.72836415083398,17.720677030991403,41.71531186683637
162.96483063226248,937.9170678571367,1607.0583859626875,612.139678503722,1.7573950309176745,14.892041734650995,26.823646000369365
131.68323260539788,2185.991366359894,2443.573806992156,779.1079157339371,61.91131182675276,2.7915545071051873,33.19472444498748
217.47679677102366,2486.5229175578684,1998.6749899621561,866.8614402612232,86.45978880190526,72.22123030452839,35.136117371020056
216.57918588122578,1003.910762477619,635.3414979465477,253.7728902568706,6.597527757340938,32.547454586182354,20.799618277655853
831.9522416665548,563.3212182506417,2197.701012066191,136.15645332915318,39.75712089613459,16.853631124208977,43.29291871152355
428.5812923005018,1805.2637718882459,2172.4028886794895,783.2795391467538,94.00469260809028,51.22437705256234,39.820210873542635
990.8690344924584,4766.200946996561,824.4906861645413,263.98286158530874,50.16769958568052,32.34444059720648,61.146095894168354
180.35069490108177,3114.164390943265,1887.4802377279586,41.61018353767845,22.065822978859305,39.301777079807906,29.043439342137734
670.8628344089611,1968.9101191742222,1852.2996477097117,826.9614280128112,35.36564117688484,31.55318170618111,53.05286387039089
476.29303184118805,290.6630217936531,2527.3734903757354,510.9312224727514,40.81395661948063,0.3983514358832152,37.524207466632625
423.27226786222025,3041.339078816301,451.4133199086517,333.3668011041377,11.728951441679214,68.8328864418925,33.00265458165209
881.3299891013781,552.0624405833257,624.7735883089921,21.31481417923367,66.07922438484111,11.069047873405967,33.73647917263326
976.8158635369797,2758.465948132879,1483.6100361150254,44.974170260868206,59.216432909247644,21.914239706296947,48.7256095180644
879.2160108354698,3784.55749053154,180.22818923230574,794.6970378546918,64.77228778655774,19.031704356383152,56.490902801789645
232.6856450833764,2175.568206644453,1276.0028829250343,494.8088261152158,61.07915686801879,33.13672954987075,29.88209047796433
259.7580251484873,1567.1163246009696,2375.2461738991838,158.22482880349557,1.667206828833967,16.01976794963561,32.39744944426229
673.2701851403101,332.1827457062331,488.70746225279476,364.9205709765279,17.446284956631963,34.69521241879541,30.769637692680945
324.6294025562821,221.4115882918243,1406.8487739627483,173.65209606214768,16.557200194586052,24.326434580773416,23.76134493881986
747.9888742415509,2207.130191263054,2969.8192384782114,121.75273764858275,9.795148629798945,6.121511317241102,54.364864355690756
588.0996182691624,4428.391826444543,1542.4640396033499,283.54474246740216,73.54757731982764,87.05629771698293,46.077924560173
573.3633300658828,1295.907616086633,1520.0552811601672,554.0134619877734,12.013721447849168,30.558110709871144,37.27975947786909
837.1195785968465,2912.8719783309243,1698.4410719862958,217.90654173410465,66.81940734503442,9.528214637638055,55.403800654425964
725.0061331555439,3453.0985164308327,598.7128924815866,350.2343704719194,17.83903096536754,52.152637895212294,49.31399746194238
75.24887674742712,398.066350756671,484.13345392353557,483.15157511689506,11.831017824792633,12.327551836880325,17.579833410557054
96.9861802887149,850.1918414365477,2048.19615588957,425.8294417913204,16.253004861607934,77.3093201456847,25.012900312000575
621.4805298332149,1723.2562877558787,1217.512089222022,137.34152113007673,50.840345653802,6.157794323983956,32.448525480156974
511.88247184116176,3383.4565533279956,905.2245532356535,48.4769791805293,64.54825098577557,46.46359499442313,31.325020075638943
297.1754225758418,2251.272049917675,142.60527876369787,45.10413967944953,81.19248600576367,94.38263301157784,7.110332796463327
447.72328294906157,3697.555834269402,2545.848966676523,356.67722784758865,12.85622054646306,15.896905365841352,53.09574637261978
770.0148027962175,4351.229541308643,145.3701542422566,721.6140577519495,61.61867473858301,20.1368676905498,57.81115703916372
835.2809104250335,3816.02415533286,2262.450216045792,139.94274574197794,77.38395994112473,60.04649113952157,55.0992698541814
583.161914495542,4962.01131583492,1176.866249045814,789.1103152007813,31.24051715078844,97.98540715953395,53.41508026663475
416.10100681424785,3796.369236785083,1816.1290409887179,718.5175662206984,7.971557936743768,38.58357482855938,50.85344925960106
307.1619234203517,4275.678055536508,780.6501020359789,13.904055976755078,15.594596306651386,64.86450927772066,32.67967740552674
545.8225472307907,4178.595156478505,508.42901538461575,36.48039425202666,9.155864756045673,15.231706278163394,43.823551541661146
349.0121376361619,3678.3022351722284,1623.494602463095,203.08288338267113,88.72119310226779,64.13971332643023,34.81007422091066
585.8903801948618,4028.8289016138638,2102.0722001147237,65.55970194007918,37.670166836023455,25.266206495489318,50.656748915466565
692.8197633841557,4679.94781655031,626.7052200881824,536.0296742176029,52.3348605135786,61.32876074913306,52.828893776981246
112.7752503734251,2428.5161547788334,1337.2588949260644,49.23098884383162,76.86881518043145,8.866120808360945,22.18143177962535
51.01409177160988,3227.6064171714634,1361.7321623596172,804.6193796154437,37.14984221207238,52.49690217053291,33.89846477837174
251.6632818987058,2623.204635706586,687.1384897844152,498.03244825635244,64.91026546276127,23.74049946732404,25.430546294498672
899.785922832842,4270.081237241157,1716.8958664437866,730.6748230057528,7.667985321843773,68.17087033294133,72.06862329906183
663.9762250671312,2213.6620540703857,480.51027600601697,753.1955254264827,48.09056475686005,74.76697870683154,44.929014042732106
213.3623343401717,4116.661178609192,1553.7600612898111,511.69630027353037,9.651896617030765,84.81425305593973,39.93561176448781
895.7507637324378,4016.83741777998,384.6229585296985,926.1092474909315,24.82841406802281,99.2395368919082,61.7486140390198
496.458143272973,4813.241896706094,1482.3501061226555,990.338366116755,29.334082759546863,45.9354779653232,64.09212140640143
502.2871688447276,1319.711426361352,969.2172118828927,365.6225391544004,71.75838038869466,67.05944172073242,23.48485891695115
938.7648466505224,3577.13559844097,1384.1265616405283,134.6054988467412,67.41041862892538,1.8423716252121691,59.322584713319124
106.51235757417302,3808.9055384726826,1329.5606103573639,369.6057968613882,74.70800889310658,90.5087033306211,25.51299785454485
254.4193608972826,4687.764614742862,2728.402712314849,231.1203580441274,6.175504723733516,61.5743145528579,48.80277228955175
606.4827588969863,4543.821848472102,1495.3100198715651,535.6956103911326,99.39142121730468,42.13449792732371,52.68263371967103
235.71218410290388,2910.2767223713968,2464.5717664367794,384.60372523987746,5.442002870976892,43.43127427606507,35.34224585036799
695.5506587485099,2937.850610733501,715.6745590895599,485.644920143923,82.5747791439154,75.79956463603956,40.73655599338502
253.3876748698842,919.727019180724,1088.6442441710635,765.5557003152416,74.02689334805356,83.34700035358941,25.079388439766266
144.19912206887363,4877.317241876479,271.5136728679132,281.28076479643363,59.17617904918199,80.79036763148518,27.486488280746002
246.63590165879776,1349.5855672467915,1291.205994723406,542.0999773933282,43.88571651449872,51.05846530470237,23.66679140105352
451.59733255845913,3651.207470411331,2022.6646668710464,341.80963683540153,75.71323532701827,37.11466375680317,42.09058677981036
217.3313842144259,3999.395523546031,2522.5927506227185,787.1112554794547,73.98578032688461,94.55393614155355,45.201841382703044
177.95742367717995,2261.955972595767,1719.4489898075078,643.1412660836194,13.717833548980451,63.41995247702099,36.3023519060218
867.2677919079938,1134.8492281423842,1938.2143752995817,18.41968320550463,79.26324729608703,54.365340899421156,33.962348145706066
354.37734341744243,1025.9058826764651,572.9378789699971,663.4508276941662,7.855699743496524,59.831893202829264,33.96651971429721
392.7207521923409,4296.830404417799,159.75781278864616,178.4603879859165,50.05461421285348,62.98665081862826,33.562375553419145
102.50688902616625,2602.7067850677226,2385.480028273082,727.2290523010089,64.50818265671943,71.30728841069039,34.096897752011564
389.5011423269514,541.6712119875068,542.7627119517948,571.6652801770035,82.16888573752277,55.318469504116585,19.664666673844376
301.56681845550065,3613.3954165381547,318.95012982161967,407.4678509459429,46.31102180930537,87.53553544574785,29.627468467035804
629.9608139746991,1325.8381587446452,2815.808846674456,697.1257649151859,23.68580775651452,85.97142142737162,48.212171061071224
245.12078278878636,4394.334278679308,2892.388023974571,858.0273530100924,49.065961545660656,44.22577446528374,50.595922424638495
893.9471804096985,1616.9017515468788,1867.9590102273592,780.9562767234524,25.02081104371201,16.853611212553655,56.31887456560531
933.1832898735773,1081.3270674417013,1166.9799544275156,549.9254838061885,52.87253814561483,57.66557137711008,49.586345888106
144.83950431795068,515.8063734191782,2508.0566458439534,725.4673770569344,46.25081831065179,62.07395221311821,21.773602763711395
152.03280847414834,2606.5025695244726,653.9238800394667,419.7754088488261,78.05044837503944,52.33795739537352,22.503089146910483
159.56011620543856,2308.614180309608,1316.7073659175617,791.1358603474974,24.009011344252894,89.05778132739663,28.998617796533217
638.5907934947965,3781.4295085554,1103.2010320517752,830.7613727065899,19.99851841903395,9.30202570243659,55.368455986190135
165.87051599914173,2376.5526772458784,2742.4649726879607,145.92089850763475,47.418533956695995,28.741850483520047,34.71118019516637
859.763202033753,1784.6982477294182,2763.3433753187073,245.65104599800682,5.050436519085066,86.57898463226186,49.54895841567113
766.5579391909978,1382.109086601426,1970.1134826548157,277.28884997566684,22.934062843550585,93.94133130222056,39.0809487609764
828.8184153261228,1462.9190528028582,376.683413804441,174.42090179227066,35.37049141876919,42.592507470256855,36.4573886930822
549.7575005417199,4646.454718956288,1472.4687294919922,398.60965682844653,48.76297125609103,19.26439818409379,50.4925095563638
996.8433509431958,908.8851502302804,773.7186803609674,201.10287933511614,26.943671122536404,42.03294965099348,42.886200229804714
91.9663477969532,4942.064480330036,2660.5012063942218,599.5839178173434,56.06364947084064,45.616644542413596,45.529892914740564
431.2017159768077,1701.9053304419012,458.28825709779557,110.59928846863977,87.84146664451715,51.95693781625502,21.148742264965055
357.7398354907544,533.1121535457376,210.2153137890867,277.21996149648885,54.37274613576021,27.435308018295114,15.995701175486184
951.213223777009,1318.5828658605385,2128.0656489727307,668.8654394868931,28.683952173643178,31.262740711682248,55.8059480966682
598.0179105727133,386.23045981763164,1387.193921156051,404.55967190201574,6.198097200231489,65.5587631346092,33.886808443399914
815.881417172489,3971.145868903188,2523.176418429099,427.2481144348736,13.666630474832363,62.179415099663935,63.36464855923648
211.8241339755929,2611.5092714514167,270.1574119494697,799.9460004288053,56.12173685471906,66.21025151153346,26.465725414132184
979.702436705417,1751.2344324473245,2413.1745911931353,984.6664377580767,68.37088381043797,37.72849831975811,68.27664211049704
523.7075695324994,3344.0430626946563,160.13752089026707,569.4171054216708,4.966794355407056,33.64568384998922,42.15802062163872
518.9884724571135,3190.167977156569,132.80653514617308,88.27649974897167,18.554982971348167,35.15386729729389,36.148140584056634
972.3404921184509,4705.373237215193,1410.8814676065376,111.87394448139956,31.908127067657055,95.11764854896684,63.0071072524177
411.6957431562878,4810.17653206706,702.8093045579228,968.8157148091219,31.977310888050237,39.524510314432284,56.15060694417217
427.6487733272433,3435.350500760486,1801.4701856692654,682.4425636209869,95.8407014177961,60.61323963379256,45.293646420615396
605.5150676646898,4107.298043496426,126.16013292383778,754.9444271504811,20.377059794242257,52.28431871665386,50.049831989888446
171.64998002039758,3982.8829916423747,154.39914997078668,679.006120108686,6.252034947910889,87.6221815994492,32.025436756414436
355.03134509126215,2507.387310229509,2195.088063707224,187.82142567820176,35.30148293123191,36.911680077947906,34.53483688638366
233.547906322874,3551.845611363743,669.9872293523193,453.87853921651435,13.444197102967948,43.41444443561705,27.831347761166548
148.11930515169712,483.4691376494939,1986.430514799164,800.099633243172,12.658196513578911,84.27942887822104,26.485304185979924
872.8373760144691,3814.303307436504,2262.270376427238,867.6993333126526,40.74506611171284,16.095761402990583,71.71678911974244
609.8646078211023,4812.981735242602,225.02693888865394,244.96215959890833,30.639113924994867,59.42945478753,47.77011926827382
390.7391519515156,516.3762903161183,2320.7741656695057,600.0021729254825,9.172677615535951,39.990820764380395,34.11097639443767
438.23590849837717,4196.967344500087,841.8425929857938,165.53088371106884,60.43034294274493,98.57915589252276,36.726857703659064
459.9430535029869,4671.602130581429,1199.1605766892574,958.6941043905341,50.16997660203501,72.13841168006198,50.273044903557526
651.4917230374739,1208.3255600301043,305.5856172711842,259.6822461025627,7.709966895130538,1.0556262806128203,30.90555620241538
930.4309219145437,2671.5748192850983,2523.9584509263154,729.3687773178577,86.27444740141443,83.94739004466439,54.78165940622657
936.1406386741334,4646.505304768643,1704.1499196610037,238.80181478458582,28.471305821233273,70.31796561813117,62.8248891359644
421.9173805541302,4805.107422162543,1538.762569649158,619.8934034497562,96.13807849471794,56.09609155826433,46.241836858103795
362.79933661788107,726.6236833263501,2907.236692163129,662.6716639524299,93.15386325563256,23.612847588431706,32.71056338823041
478.4941751759923,1810.120705221708,1036.7919918249788,335.1438224202052,43.40966262187528,14.931665040769026,33.928581514477294
589.5375189070679,3520.9087416391976,2677.7988951062534,820.6455267717906,22.856694043833492,62.8399562858418,58.588433745073665
488.72701587726084,1185.6366469910586,2173.0792491405823,886.517189264976,83.48527125302225,43.99402728137639,37.24009043160789
675.8157393258659,1691.376080308956,2789.1580007641046,856.519230951455,36.12858416224468,86.16203122311296,59.15139590865478
576.6790722107754,214.12619402299705,2728.016055649256,337.49023727007017,16.355069467129823,26.23735702776713,37.73468445882442
354.6797693593723,852.2562365628745,2973.5379248269055,746.8968564225274,55.16077158189412,63.751998084624894,34.09266946519965
378.444265474501,2855.4145226469445,438.44641850961483,563.895847320532,48.94024427012658,24.884303665901765,32.80747565806427
409.66314818174436,3300.1413248904955,2398.2483566702053,596.7020412470915,85.00178788139564,63.63170790932884,43.9161570008117
139.90777983691925,3279.667972369601,2423.2583470951345,482.6508344058772,72.92813798393321,4.8344642215713325,36.32492139178578
207.75950079327447,3913.966306813262,1950.901908126536,604.2585364891829,87.61394868367537,39.170742681438455,42.575977764160335
736.9581120381168,2134.878927320078,872.6398268026959,144.29761645539247,73.47029123873745,17.26856158657514,38.2600744034327
419.64187594597604,1440.104509581662,2897.1874013035294,414.75876078628073,64.2174960647797,60.593399622347455,40.9927822696436
253.81202393213647,176.34543020837242,653.0453067761182,185.89504436806652,50.017715227701274,31.67280531777318,10.653216800764241
584.5387900461144,1112.4861476566957,1523.7473661573952,287.30447566171154,98.75532894964475,77.15326176767493,30.220252920393882
767.7625653497558,1630.7002797899827,1588.3869828165994,136.53639056291243,95.91648240001723,11.459436043001825,42.20132652238667
294.55124422810286,973.2135967542811,527.3965672663146,220.37064916979983,84.88529815357496,55.62130669192423,17.08045462513781
835.4503878275573,198.70791033335107,2181.4600258830606,784.1099632298387,77.53192137855278,59.367786294165484,49.33794786343026
931.1296166437971,871.4932824594388,312.1581343317073,554.3380975558936,57.75595501185121,2.2104099720065995,43.14451752843381
617.5248026201486,3363.8878124811044,2094.6384475977975,33.40668732711264,25.97533605262068,3.598571085049862,47.91468119443557
685.5002760420006,3184.9685407157194,2553.415714057379,790.6392389640945,87.54390270879648,30.824017232801836,52.42706710630783
99.94719080690261,4684.849833050408,1080.7194539930786,910.3737119701957,1.0816134878957717,60.907543941191214,42.3921208250562
948.2438964708111,4011.0246278468153,2142.7913853676405,881.6249830248113,22.74399667939332,96.26299951622065,73.95977682296707
422.8604975516966,2882.004972521837,512.4833240361569,824.7867140445885,40.37324450844698,9.078350998866302,43.91387103204221
927.7053805181583,774.0261027167355,2545.549554285992,992.2942783729276,58.6157155234072,70.31627732108056,57.2891633339935
600.0286485127305,2863.9519127332687,2858.493510732013,590.5379359825537,56.087932036035596,69.27161221227769,56.4511702499195
54.38785890116123,401.81579847948575,500.4463958243419,962.9617522297558,17.58158263852847,66.94742435034769,15.672848756200292
86.61489935726394,2211.3359973131787,2090.98544821838,949.3557901764132,10.479819981353177,51.614734153220176,33.88838829102981
696.3978653864259,2012.2672818412575,1542.2017348417512,320.10634319840494,22.232892758527967,96.68259506101438,39.831686790872986
584.5346131403364,2196.2876658784144,1617.923028905517,864.7994184953121,34.87087888964836,50.17751384886814,45.443174012244995
75.20581534577063,1471.1470001344574,2134.14466987203,794.5479389031893,1.405368792008621,83.82970791992078,29.87111471434463
756.286963161266,3460.5691933567364,1491.78447304249,778.0407896270748,69.24558205498558,26.252060287466385,58.8487462989455
859.5380702157227,4220.6278897640195,1820.9628564522645,897.3179635790027,24.772743573749146,80.63084993068551,70.00632458302763
521.5966083173429,3865.73326373499,731.1580072635627,390.34810982110463,35.14044365483624,99.65457339389333,39.31988056115183
492.4695683393922,3175.9852693753137,1166.5944596414593,406.05441622850805,33.49016905838995,91.00859877737601,38.67002894025378
55.19945339289611,2737.889516731765,2602.459032710931,643.6517861116,51.18298008785218,30.40717187519454,28.762946000964245
797.3172268689193,252.31248203934882,374.2124093627375,740.4264924361986,85.9799722094611,84.61574758483994,34.55590267252815
364.18026340880016,3642.376593590414,1812.8470197542376,880.9397316310384,14.93899535055412,9.52571230287198,52.26039151547466
884.8254387934126,2770.4164039346374,593.6468335929261,877.086867452689,34.072711323127,67.77075596130527,53.10201703924231
404.4075581801504,1426.6311482530457,2547.2918138739474,724.1262281423973,69.20288077317835,34.214623298668656,39.453253735267346
586.8240150991703,1706.425990381864,1758.1796638679718,957.3238500433075,4.423141328043679,65.8670089595598,48.06259578081414
306.82469878936115,4684.473253701733,1238.9939088772999,186.84233275677985,82.99786351622237,41.224900757946536,41.35847688568479
202.55889695567274,3159.3750010744125,786.9827872728629,950.8364487082854,96.18251404974265,0.903314982532244,33.57678819387595
786.1625082122616,2431.9709298218886,1338.6918626094216,73.54956721328536,60.763720258199086,23.1276554047951,44.10624192180203
521.7609549039676,3142.516524571198,2874.9563614691397,560.065662379999,95.65083710307213,4.2386232858316,49.02858888639944
559.6635275646382,2127.3373924297193,1552.1674047436807,99.29498743804102,41.306182943174775,42.72699227998513,33.878829890866285
967.1451558076487,2403.8931386947793,1434.9941185145876,572.320965446155,41.503173065513685,84.00712867281831,56.045863518320836
965.400916611046,1522.515357867585,2251.5077498259116,396.20861533116226,10.624890941343745,73.79967589750784,53.85264103072116
862.8600156172834,2255.281172899058,1168.1888589541247,90.793337187363,3.5446934999769697,78.89121862440656,44.5425780169282
228.2288281267819,3459.4019389457612,1310.9006521483423,651.6356369739465,24.45043181345339,80.71996488047292,37.187341930400684
614.5590595865009,295.71543292369915,1043.9958081362763,733.8860196266133,47.81286571011477,37.19397880434755,33.7318474315071
884.2400534227605,3995.634295751159,495.2132782217046,182.44355948378148,50.7682390862889,50.60257294933985,53.28111886717481
405.74073962649084,1486.599750220433,2155.7371818978195,697.4923521156812,21.75753817414333,50.84511700854011,38.48116371202548
146.05085763880572,3444.5429878192485,2625.44119595669,187.25707365625559,61.280567466142756,11.320851693607237,34.3965974292128
820.4147571279258,3249.354041932294,2721.4983152661584,146.02248482212374,18.12058748383879,59.81421221282742,57.76565375943785
507.67537379406303,3297.877440792396,2648.36866721145,155.88963385949828,32.621114026910014,72.01797790003354,45.17375903726882
586.1730463412197,3079.8316896534343,1382.7622171920789,603.0876842647916,19.570951518932745,61.09678191132942,49.45252455998615
983.0370815019521,4799.59900654072,887.9952669994291,781.0029000453371,69.66635999901375,74.59659347095227,68.13857605116259
626.8508589693685,2590.886397207415,1931.875061322429,600.9247644590755,51.657250822231184,11.889126812485673,51.56271659561783
453.7304163827963,3688.3636660252223,2866.3794901227934,811.2579384880626,73.61010990726155,76.14089463341772,52.52216791901208
401.4851494548379,3556.7017230494303,2194.799412097385,595.5625676596655,5.7248169591649685,20.814010336847645,47.74405531153395
446.73832802134336,1257.7111286638187,1509.803256690962,799.3480348750019,42.53620802351414,87.68268228395328,31.383592158390428
162.47912901973532,1488.1986120154454,2081.985294814672,976.7572761219676,96.69585789814205,24.493131235079556,27.952823365904006
805.0130304966932,2177.6837809691424,2328.986841740471,397.0502098885424,5.361951470636361,49.19923836904402,58.34331963159962
845.8310152776891,1460.7198592697252,2761.8443209178085,158.44275515762575,41.837868969596215,48.726629665663424,43.03338930402287
320.17727784473846,1897.0411847568025,2301.4864742178547,144.04284358790807,4.039821885562056,26.885032039201352,35.79755172446234
338.6067874894469,2015.7070082486991,1327.9121391259214,601.5028206900321,14.665332097079997,36.17095844195944,32.997888554158564
880.6175435180726,3058.936348597885,857.1392294731781,551.6320351967886,46.25264515730515,18.5596749075592,58.40195886849598
72.77183775155768,1177.461209401802,1524.6509109522942,192.39302475661046,15.75133976840526,57.01006974585494,9.79904974892252
544.4345715788663,4041.030142795768,1018.1249365861418,883.2839130409967,51.875542496384305,91.30280253334801,49.85359209159
490.491928947426,2243.9281481803723,2831.155548429051,957.1808847696466,92.27316827700696,31.66075723616504,54.33871399965627
705.6204310995367,3560.59614724791,1548.4992381773884,260.68348667226866,20.04075581974267,50.80626097714577,52.39311738453883
205.22211514198176,499.0681580800076,1442.5661910938245,214.81410159205635,10.718650971219779,86.18806119086496,14.424658039888152
684.9142037553961,2402.830431209398,1077.1788435568455,221.78263378447176,82.52765619829519,45.24990469454725,33.45246171357383
407.8973074811326,238.27570766890872,1936.250621360221,393.54731439444583,46.02698474137552,83.12603284579195,21.288374938166264
637.7790392611599,3411.9589598962675,1584.151271931796,854.6949035459569,88.26110988441378,44.63906651698697,56.951100007798686
88.09025937913712,1784.1793772856408,430.6943225498568,600.0010038417067,30.612329466538725,44.02424667108733,18.55511082505727
488.64083732528394,4751.33878911856,2614.163041949959,76.87789741534323,62.753200518708965,15.7239962179342,50.97968682759192
546.1383492832535,1688.208651546955,1109.0878548242054,478.24929432034656,92.33135543016643,12.497882442661401,35.74244003969005
253.61008271223727,2862.6489002868616,1326.1063683765549,99.42836619781166,17.16957994479059,61.14967442944877,24.1384947297817
182.64247147016468,1361.1991209036119,656.7178171575583,412.1519728683557,80.07285593054033,82.73335246787205,15.542265814466779
229.05058786168632,3138.5518818419678,1682.524712472773,409.48494088028383,63.15167498451273,13.540648685019363,33.38077277478786
376.9340241601806,2388.5075156528496,2121.0624341643197,651.8691390525493,81.29467446270534,91.00939461069876,37.637631190749055
141.96964183972287,1916.078481377601,2649.437695846522,553.95942729347,17.069334495310816,35.887980186433644,32.012916724483155
949.9538059431243,1098.0778104928813,202.24261166817485,876.0072345156951,43.40864703370123,42.52572065208218,44.660585302108
434.74435842102645,646.4545854601309,2921.329133613166,26.11243083881762,12.883722847695267,89.44534020181291,27.261773120679216
818.5211223814115,687.407756387699,2126.2623389600526,776.2588338737027,96.00821079853647,89.62964503214064,46.68052351942985
975.6962669534043,4995.2960857772105,888.6811190139763,32.43175754628332,6.269172296013448,52.485887691157195,62.10312895385339
126.69851600260215,2120.32256160045,653.2005272911998,311.2469301916023,6.548339799438829,27.676494445334086,21.336852913521533
669.0859945382443,109.45556857936334,923.459360031064,880.8665067977678,89.81561921817023,17.193947233817585,38.69043336378367
877.8386324041533,4769.35107406747,2633.390967416005,693.5100299603505,30.0762148137675,27.158004743054654,74.77001678176633
652.5227122683918,197.90162872608198,909.6010109280537,180.27671158248185,59.70200328471501,78.06273976251249,24.33241243407829
457.5748152895421,2151.072015217215,1415.3223469438453,495.8766986708235,28.747552890730677,32.45908022136496,37.02549197116252
459.52253975604134,3615.640171256214,2131.927260014586,724.685139168206,64.87583756275316,69.45614610330087,51.366348893919465
84.10394170699097,4581.536297421632,2622.3700979854625,937.969888126134,19.24693692700272,19.520082227959712,51.82318867022845
557.8707137248116,3593.142828017295,1992.7849289210071,637.9779872260217,45.88694580514693,47.850363268889964,50.94552284431496
993.865846947505,2371.766199010058,2271.6721297765466,34.42865731859801,53.34921747803945,35.21062160588222,50.36835982635907
960.7721496733374,4874.765991022106,561.314049073069,504.70484109932073,33.364289028713,50.361232332023064,66.95412517474152
88.37926740005503,292.6649768630251,2638.3530916888594,161.43202277911945,25.170061126895206,56.99452909201766,14.201452904540899
720.5071534480138,4935.77179243624,863.3715916734265,57.30175497017211,14.020666767121682,99.09349646344452,49.59744633547697
336.6766233620843,4262.018603371351,428.7155839667213,602.5255283347684,70.61443363079198,89.98950471892022,42.126537969760655
907.8396957358299,4651.757083919159,2929.9206565049744,779.1526834853203,16.828271599442324,69.58664775241907,79.05309619189472
92.85900842381461,1348.3848780779294,644.8377800897749,45.69994994144026,29.212639118814465,15.37434705304187,15.7002024982683
939.0803969105266,798.0445541929219,453.1233117300306,785.7533782558643,33.69087646165174,91.90285563392183,43.28495525918961
845.601956598388,3350.2448689262305,1896.7616553002704,709.3240010133936,45.43667969796701,89.25860707079997,62.41363777088915
161.62916313997144,2627.711246131988,990.6462910134811,754.4670192866778,70.25686995500669,88.67034300742388,27.186125519184714
106.83312045143423,2663.523007647459,443.3801552824553,252.28108898854347,42.79451346537054,47.90168643530559,19.43812367216557
842.972281110589,4630.633974567766,1823.3072957868342,399.65950093849483,87.10936214354834,17.070671106105685,67.61173132483724
197.9697874258504,3138.3964426009848,2289.006420305595,128.5533189351468,67.97856466201844,75.44032149689215,28.126697790145073
558.153245327077,1624.2127920124906,2389.935203911112,246.50204073212183,83.848671613018,38.85150389904235,37.21676153563585
919.9576149847741,2060.3261264475927,508.7621729862035,309.76177476265576,71.63539613309406,34.456828969223494,42.12773675919012
589.0757078718572,754.1295919500711,1692.7578504228295,326.24227314141825,14.863179983709962,39.07820125592774,37.269823412289085
427.3716363991829,1042.3387973508777,2450.351193510309,183.2894892158437,97.79273018640902,55.907055746581236,26.08424302414888
472.76525211129257,802.4153440267386,525.2066837013465,196.8246800904319,78.65862657683655,33.3518830744159,23.09351472087672
109.96131216867747,4070.427571935637,662.662642723491,902.4556957942385,57.27217686340125,68.99206109981183,30.612937433590147
970.3147052935188,3553.8799930633822,57.11362242344898,786.0546786674497,16.523094073812615,64.77237957436625,61.11362443989413
345.12147582702863,2698.690586293174,1597.6707613661,351.032926456523,17.268064857897446,50.88626138269004,33.8096027119032
229.89531708921112,1934.4023847750966,624.3110057427552,948.1671040861511,61.43311748601417,5.397323168549528,33.54718167760125
321.7449367483755,3375.6220225893176,2186.5155983943523,246.53348566440067,41.619713300201134,93.65426823711724,35.97216616707602
966.1545351469049,4083.2362037092284,2888.530874071937,412.7522489155502,67.58595005151457,41.169628312039016,68.08940164743234
139.57175081360666,4418.042756791374,665.8286925472572,815.390058320225,37.242772489970264,44.945319428588725,37.45941576185483
873.9378884761222,2780.3795182110343,1964.8361847024212,448.4575065015904,51.28451714565949,45.603251224316566,54.070408040109996
722.4516996813754,4117.437096916534,674.9116613026085,242.27906967906452,18.795803796396203,36.50279582384691,52.21127873241981
838.5182202010767,2605.3991717222057,103.12023399012679,374.8501129452735,15.520114429382659,67.45879106180097,41.74294778165573
977.1026633495015,2425.1974370206653,2287.734872933025,505.71386165093475,7.564476369849061,1.3917695823849274,64.23345379732133
850.0469227410283,4340.616092548291,1330.3137961201337,624.437939823734,81.96393048985523,87.35083293106788,59.87022161484414
946.2132337139602,1993.2322876968535,2843.0212414682264,411.55043458570805,55.53862515796612,10.243902526956028,64.21659727397481
170.58849395137378,2039.9721272994411,1626.1433523230464,436.9912878087745,94.71410399066623,99.97136751048174,21.098523926255204
805.9991369086215,1594.065591896089,514.5744634782677,271.30417667341095,74.94862813593281,62.808262917672096,35.32861169974835
568.3919093769954,2641.6384686436218,1376.8346033019698,539.9938254332376,76.8763160249494,6.624647410468398,44.59502856044054
566.3208153258677,2769.7651650783573,648.5307946777486,227.2616714318509,50.90584341970155,56.243705942684095,29.780495399358305
903.975497504488,3336.2596120212393,2640.1863544253947,868.8509559269951,81.54539365256507,33.130779246561474,65.82371368711205
973.2136277143757,2209.4613195368956,2088.164383618198,749.8933995636385,94.20634453138167,95.30432231262337,56.38505688983682
719.596406891022,1167.4027302296367,1056.6544737313754,416.17619853004226,72.17402523354377,75.54710047818848,33.38032407652322
508.7914699981947,4347.526105827992,1607.0699522810642,749.7555685625192,10.558894088700132,50.70146686484364,51.76191399813417
483.58366500675305,1795.4042494662704,2024.966555228434,16.925982391279287,65.10198592535062,42.97773995074745,33.02163236869312
417.0243843620227,4622.422757216856,2359.4302641040044,351.0443304159726,12.043321224109194,99.58688657895364,49.83866494925484
393.5190780940295,1116.0313318296332,286.434269118098,445.8981366653207,7.722242241866784,66.73840849607609,24.101598369318626
421.9314996002098,2844.2816335575294,116.43058388597802,475.1005224702403,69.2900405115938,51.39297423912409,28.92854279485665
135.2655734886355,2729.413958294316,387.63545665117493,751.2441629332355,83.47854319240385,39.79441174202953,25.62303925576572
123.5642809974163,4160.374454842277,1215.2391150090607,963.1793532860967,15.88414907293666,32.458285744056184,44.51950989121071
790.8763516786961,780.3717950790658,1426.7844997421714,386.197159138375,7.414860796604472,70.54194238016294,39.9493308763396
473.7692482742148,4558.692147295561,452.56180913085274,357.093851032596,88.6522894192044,58.78855149060273,40.73398978982908
934.1502641173895,2703.998043643144,1262.9017568038355,614.4100743145922,13.22093369908689,84.81848353039325,54.85378729502561
631.6099581642549,2971.935981180395,1352.7872197674,288.44107804966313,3.508609374373717,55.35607233033743,45.35705990847157
83.41718307519876,2599.8148371590587,371.81539284858576,149.93683047703735,72.1054368766489,58.23313901318106,16.36612192764949
199.6471742516055,276.5220434977057,2754.1468825774155,961.9254617872767,84.7715554095343,47.735649484318046,33.02456667023843
245.5288033623572,2535.744242852331,1817.4804863837373,811.4346572409319,51.44733414642263,76.26209462910666,39.4646521960745
976.9492231701776,1391.3933471172536,1196.179814846032,958.9145574938865,53.99252440937878,41.499217609851826,57.45414092080169
257.7690148440531,1779.172083851374,1545.3761912430095,225.6545498970775,33.68605127273786,85.19396047299149,23.164509443327837
539.9678924736487,3280.5978360169856,976.8825850829799,27.63112281997388,23.846319886623256,32.70447611548,36.65123309387345
939.3680850581864,2538.715934423119,2570.276543351549,442.88895998072536,75.52320701755862,69.26250463809654,53.30818229154444
978.3330934186395,556.7692420705562,1746.294372627086,934.2728733616655,84.92844081210426,89.29708990996522,47.69754366646087
274.5424136143673,457.90224633261874,1509.9426524609532,146.94208548304132,32.12447581651967,76.90738636961211,15.780609713496595
96.66176156253812,1009.7227085251146,2737.111939132013,126.0136676062524,27.381918487565137,34.26081425159513,20.654682147289165
195.92174091087057,1035.3372182038959,2522.0401097904996,78.26325640338364,26.77917195450501,70.6339002950773,24.47800037744031
110.16205476743018,3080.673709159688,2447.7655797062557,767.367818942655,5.0595418022356125,20.698481460997364,45.00748230560701
235.36802903771957,971.2908738231597,715.5471524839403,788.0672684952035,28.107502484038104,5.816507945180938,25.08066430010632
590.1412289685486,4420.425174046376,501.7131788316525,698.4222951068294,2.565091696900501,79.13817396448508,53.70262020954506
916.8263564808597,1127.8272370057243,2085.7847331526054,62.75892667111273,78.84076224683729,80.80091152316655,39.92361037775345
560.3579395096231,546.5440825892749,1432.494656207118,726.0554524570517,25.592682903095998,2.29309389155975,40.71080538145126
644.6900788641267,4391.15548016227,2066.9525032226884,454.1425203770703,69.01551893513637,94.77950138699737,55.49212378698546
241.77388902906407,1547.1051227759917,2293.8503347277933,166.3154777172389,54.31883855405562,44.58998269051692,28.321386537435465
810.5544396401576,2184.5708861853054,921.1748466670152,302.17475037975606,83.74636299771987,90.52721474353892,38.48546803334378
636.899463080304,4799.229281660967,889.7187777122856,506.1353715336313,96.03787275570217,78.81745256449068,52.12124502962404
870.9299877330886,4727.409173873092,1497.953120461642,336.3549575469842,36.7291614129165,90.06535278087124,55.632924605543955
951.400951655495,3603.092757398097,856.9704749031672,970.0517344741764,8.834081988963716,83.33756331170686,68.78208242537492
380.5057369687627,437.80086348951806,2018.5210642477887,479.9943242901273,74.96457643859227,97.39953695868242,24.11847782003511
136.0501056086674,3007.3666145158477,2252.8548153481147,378.4290051496222,2.1302326199183375,62.91010012757868,33.4779592905284
264.63251002094336,4946.481881707064,1442.514890857071,676.4337746783563,22.29633344862463,22.72588470525021,44.00892616180916
465.94948739204534,4739.889519277504,2185.2093085159977,654.0396062873557,5.3250668473138525,38.95631307329875,57.55858657785035
948.4089692332496,619.41221334772,1555.7908287587898,12.414887601214744,89.81483716198154,75.18792486190812,39.395112845553896
409.3943312547445,2040.2397851428063,2152.9715798026773,622.2889613177355,0.5297081701572282,15.696927880306156,42.7511063066293
782.2345529821015,1646.1300549239127,713.6563309973898,251.33128502134335,49.274216501523185,92.98423361790196,37.61784495576698
563.4528575622172,735.6677238340372,2229.586985502474,381.48130517204237,42.39991271589801,20.527891362893147,37.20934075428651
223.6683319094277,3504.5117251189286,2159.6158691982023,709.2854018274959,65.27446645481395,87.59747381796103,41.801386451188556
354.697413005779,1441.85698536516,836.4868357950741,561.8123588005889,28.97440885692498,48.372394483858784,28.844726188983387
670.5322907716777,1789.8424353139592,1690.1144235685163,374.96859271354595,87.36954004694584,84.06201483713409,35.59183679017504
689.2107249506488,542.758495836948,2573.169420229485,175.7362483187528,73.43457415813933,95.8295697477779,34.01597818271265
463.02175946859387,2540.0410380154617,786.091808568695,510.42736537527566,43.22944259922329,42.21474520757248,40.22366916386394
267.2133225290089,875.0225318950768,2221.1403628432954,326.1723632721312,35.80262495125414,69.66045409179036,25.69682495422742
735.8114405370425,2217.2430755394967,2864.201815583317,913.7985303239943,81.58882474975844,22.671760340935176,59.36345780650162
210.42938953207903,802.3768883061773,2605.4136632848167,539.0031738861602,75.70602985357708,80.07857166785385,30.339158471631862
939.8362072718703,4773.864460755714,1234.4842439068148,867.3043542287083,39.90000580240475,81.99256492831074,72.74898681112602
228.50840008465286,810.4144126659987,1841.2628123150084,396.27921819867623,34.13718626101272,29.524570403279604,26.059115356129563
151.9467446908944,2657.2470538681027,2975.7218960454766,829.1627921500809,3.8887989662542144,2.414076247068986,46.39863509844518
522.7653172471099,1065.2011440630388,1726.8903635583695,65.97153315035784,8.170724544014563,43.12052517798246,32.50793873978917
543.5721182042093,474.17283701578526,389.33142716958145,305.1378353123348,5.391845555423469,17.000053424521198,28.70684822171905
532.7832690393326,1091.312232326281,184.02072659734466,87.39417371425239,2.4415486348026816,81.85510802688731,16.663120619743705
464.8341148718975,368.39312621313684,2381.427803744884,41.33367890772517,15.28723821407809,26.10972780171562,29.55579608520633
995.0741481881279,783.0471772928452,1299.703559935446,919.6736228698877,85.71418176805749,94.36927925465271,49.63026551629959
511.9665820370528,2518.072373039763,778.0980273561236,719.7000569556831,79.8159310755865,97.18089610768892,35.095901185606316
504.04925170283946,3293.8960531821135,1075.6324904497935,628.8589638237859,84.55738478281971,90.88359240704614,39.66160892551182
450.6777595788332,527.965093851739,2284.249956312034,537.1678813177147,62.38003614254719,59.961447770617426,27.885619143130015
113.48446696638976,2260.9912571309155,1422.479640119796,573.8584958546736,62.406310124067,26.742800398591594,22.028207491671424
613.3087995921353,2948.1104119814245,2612.0735029513357,642.3034775725889,12.393174655301664,80.72584148330358,57.361584960668345
266.56938361202333,1247.7058134342012,2218.030486894213,828.3139967927023,69.89653536423867,70.15953812080143,33.23591075497372
655.7285312175974,1923.1842164285245,2923.341743814004,600.919670237573,28.002641087047298,97.71683470502623,43.878419339757755
98.2917888510533,451.99086169468234,2671.086112030038,751.0949554797736,51.92533297862011,37.72520073162384,24.398533771590518
982.3177461903516,1178.642293142165,800.914274768727,288.16827131143754,95.47226038008574,5.876799916772013,45.735354344536766
495.55482506203856,2387.089337002806,1994.2247367675322,976.9941204383074,87.06153943184273,99.83863288389463,43.86085650250921
901.9176030111635,4953.166676734079,110.60195185802444,41.578236352658635,23.319350729579213,83.82636394388754,55.26485944446369
501.783114571288,4981.698808401754,2973.7648370673146,392.7108293245423,73.66506157002934,22.14896882985491,61.06406765540593
107.31427764551064,4900.1462375090105,819.9680209676599,883.2290559886669,10.409074995921108,72.56278658996538,38.06463574723511
831.1028687891165,2173.123292871605,2011.1455261895728,188.71773305932828,2.6742485744032596,0.06901750647781979,52.34523694764874
665.7745431837776,495.3338542318586,2555.0031825387177,149.92471200432138,2.8174274781860187,55.78090578835805,36.75252465000095
792.6691951952479,1685.5098425217343,523.3707550475158,371.7764592309144,17.024648421801235,36.283824100162846,38.22595234616518
456.7613703334296,1264.8004393177887,2551.2440612909136,433.9127535116592,69.49484020937929,38.13330412376269,32.558468738593156
656.0399070343127,169.22021705828746,86.12471408292615,934.0601200551105,36.33058934580187,24.45198061720758,33.19484083897887
863.4175536067771,566.6446904130395,1353.832557351952,837.7583393617329,1.5942438966691785,27.484521563334408,49.33212390870637
649.5121707282931,2320.6404817404236,1442.5109864668584,469.448741313609,98.80226313768419,45.46686638561511,42.085032403174246
380.2899530941081,1764.3460726410553,1153.5676041132708,973.245349872787,53.337840323199316,24.814503547777555,41.20131347964442
679.4031146478899,983.733236008967,1779.8350015864742,645.8556201174737,39.388021511131754,46.64399468694379,44.2672960820426
688.2614791833639,3608.889856227861,2748.7849286727646,874.9221446620724,51.88498950488314,57.73477205704556,65.39630038845756
962.5576143812938,1849.866419893431,1014.6178871858529,253.5964106819572,51.99709098585499,71.111142285251,44.99392798173984
402.3667054645857,4274.152493158067,1758.8166671409513,494.07443355698297,47.02365770929937,67.7145650682818,47.4293863487635
453.8276791384246,1280.788085289275,2638.5144509428023,39.42004122286896,61.29489044649708,24.198927310452333,31.426153727525158
821.5168131277062,2738.1281014244614,2330.3364155490654,18.791391333784354,88.56266198683065,3.9189590428113097,48.649519904730056
530.4741990056042,1002.2821640309941,170.16313117621317,708.3986887300698,30.171369207708654,83.26818660931306,34.12557835357121
749.7444384599464,2526.9730202906258,2831.2327541766035,127.1106862409447,48.69686228459622,87.23128429645932,42.31614729162692
486.7239912309125,847.0858939940924,187.60836756290755,552.3301547397094,0.3643996196768695,97.88895197332715,20.897834999043972
254.72038472206543,891.7352594204574,1786.8374994042724,699.0474073879197,85.98142813182025,95.97115572361878,24.652908562776794
757.9436506419603,3099.8945475058767,1747.2931799297362,41.91224036734287,30.590388891311626,63.3814026692984,46.03160456579519
174.59741072547445,1392.551606661257,2369.851180571832,454.2539851542252,27.12968983283689,89.42717039415783,22.316429202103386
238.65448035474267,944.5994101648117,487.9070029544841,687.3104176159814,99.75371692110346,44.800841932138866,15.960839821680656
645.4837336449982,4655.864425661858,579.1426565849762,890.8336779763016,58.439293874518796,78.7335639725043,52.959813873948015
759.9063101824663,310.7159286262502,2268.7154515781635,306.2377995956399,12.304324614099027,95.53345422567178,40.926397152181735
899.9534925244242,2869.225752209847,491.039019614294,974.474364387487,26.5524969893571,79.6278557207664,60.63882000544278
308.9571725450971,2786.492824983,1434.8631248436368,846.0960846631004,35.322658826631134,41.57653659518004,44.865668700144084
155.18804567052663,1327.9834845749929,2208.361866122249,654.1287213610358,98.60600478706539,37.7759247066765,22.133614642159742
958.2443265464976,2318.5815510528073,1971.1636899089094,398.00625217366985,43.06216779148579,29.154275418732244,53.92874042475132
196.70193362103532,529.9151371049138,671.2823490336308,713.9992724375036,23.013398829280906,36.70635243138275,17.02549044470702
237.78363314190756,3634.2237150270394,946.6827631239524,818.0313363796498,56.973096741281715,82.0576661792203,39.768033964816404
326.76298088054244,1186.3160270464336,2908.4759645610707,310.2668761376917,40.475965805701044,70.15003212185768,32.07642867059277
552.921786324973,1047.588263150124,1373.5783294569076,992.901764257959,5.4960388141870435,24.987917954172445,45.02792215103493
888.6842877323742,1642.904543559765,181.1495554873226,909.5331760570925,86.09196124543254,71.15351285827501,46.57901623615817
772.5187215933736,4521.612609289396,697.7754534256812,490.64642593949344,1.5687527283303915,37.939546603999204,58.377431298972525
722.7496761505033,4002.686576589359,1060.183514502421,725.6016166176413,89.84836357454766,55.777250703664535,51.41047753756427
216.4215394632035,4739.772226555412,2998.4937426690285,528.768805672594,79.18587036018022,37.03692727693462,49.66940790502974
389.79849994967554,3294.6154955621187,942.9400650569099,763.3212466750559,7.582321014241112,52.16293528858401,42.827934922184156
504.4846797823441,3348.3154040572294,127.86775390850767,828.7123818392016,72.36110778130539,72.98038950925448,37.20068666157253
190.05465581130656,2452.151897188463,1563.118653788241,32.9903296054721,77.0941682139319,73.1130650620499,21.148472601957383
309.75821702033886,4535.41298449818,296.63588567323234,88.34070940364276,60.23070734286845,75.3182579301095,28.48497523329319
342.91654375520204,2603.298031424612,858.4994161523795,343.10274171795976,57.76708001561233,39.1038795490196,30.182768133958266
170.9123884125873,1839.794346895621,2977.5303694771205,918.437496306026,4.968702624797405,69.0495442913354,39.83175937184295
572.7277073128447,3237.8375485965594,2128.6836308439556,404.29084731195576,5.949637182278256,23.871163144708262,53.67984527704418
719.7767866979833,2776.083517664721,199.46655638446757,888.637093049905,72.72886498356968,47.742842041986556,47.92631638471846
116.43504990301815,707.6970950184879,1373.625819845798,467.8095735054354,10.556517891890982,58.31069168032765,15.846374007755648
507.06694667499227,2024.3545281709048,556.3306622551054,295.9643911084577,24.184410070647754,68.64821872720255,31.253611571335462
793.1006355044053,1635.294514362952,412.68673638625773,901.6387312318702,49.88365938233588,91.19959917542505,45.355568348172895
760.5906225048245,4249.485497554546,1781.842969378966,565.0640612294908,16.416367361268158,30.47686365397909,64.1869459251136
824.3194414078164,1956.328529168233,1541.6848744386364,366.8794520797409,78.98395605500255,84.52859146449596,46.25849750935889
475.82860151207666,4125.620639930574,2241.456423730749,53.96293359153863,80.73780237790886,31.112425200933068,42.16636203321735
829.5292285078676,2267.709010114633,2682.303373283986,119.82380112374166,84.2143211260892,55.190941903532696,50.28051794809482
278.715417653556,3792.152760883489,777.7114794234027,147.9172243651152,4.956812077470496,82.80998474247993,26.12273624928611
392.77003334663954,762.8814497048306,2772.8263606334212,371.1879275065002,42.78731612336244,72.31496052696905,30.938233260683806
217.53779759691125,4630.786076326465,1578.0757290345816,611.2596261869005,84.69176727143358,86.28696688773296,38.5914399155232
494.1103124571432,2454.7434649146994,813.5630086460957,314.51421327771055,36.321939030669895,81.48811925163734,36.082216639304974
422.4570212946711,1373.0114035689012,2545.0682224026973,74.8723574271522,69.58203783230225,27.63472619345371,30.247802462849748
278.88076059359656,1283.2990711875536,154.81325818561638,272.16064994416047,58.92459041900096,99.29366717118111,14.642857082724062
764.1916737692425,1398.8787140173624,1700.5526635452338,414.5948343906141,34.72086167071786,93.69984322070727,37.63730618384303
348.15443350606427,1896.9484472980416,2178.7835283384015,992.3472293856058,27.640482909042376,43.01746212382898,43.03698132831353
309.16411363854394,3615.845710110522,875.9341771106226,399.0570357034293,65.27430920994067,4.720947568887624,33.64983644148083
174.3458143079703,4753.054910213888,2597.3011568114925,98.30346455996953,13.3624137002897,30.34966731891301,48.33160956158409
466.88061671185125,3378.2834076057975,758.8394619060554,585.3036663291941,86.01225190877587,83.61525305964268,35.65762378618765
337.8163973954369,2781.1147276260936,2527.6291340586304,920.4436719000267,57.64434410807034,95.08704194988337,44.72057667452026
400.80919927392017,2298.12925928396,281.70764330574883,788.8287418731326,11.150350512583918,83.16719542598827,34.36049982439205
274.197399489525,4158.152888484321,521.7863960118724,837.8561260953643,70.35276451933636,39.674323660459606,36.08939715971338
774.9977153289054,4263.320291985742,1173.904522510629,928.9494781413072,43.111254988241896,5.653649968633124,64.49195250691162
933.5031799869815,1535.884604720811,2569.463762754629,640.1780683516827,20.40814153631757,51.75828440095407,60.205619146956344
523.0352601494433,4771.759218401808,476.5268271240082,994.9735033469636,96.10692929248661,37.63825088631574,52.999313562227144
660.848502173791,2036.065279711272,2632.5428073930125,42.9487541808543,71.96477850144257,12.29723871780848,37.152841033334525
873.8136627763707,4020.3825390384864,727.7080035077415,836.4912793821267,59.29936233279961,10.585334638910549,61.95958664078901
998.8881554669757,4837.417402602943,1384.8997758538599,858.4405628270391,84.88671810593617,15.303688365609581,76.49181360607369
632.8406604933405,3547.924694192495,1090.5664925679964,917.5333868543453,54.38697898821526,20.582367338463968,56.82696985583293
895.2904932128753,891.5985596108493,398.47236851284447,483.38776305949057,44.14706123329039,75.37864093654719,42.10513662003259
913.1778342278599,2972.071080352261,2835.7137315814634,789.878364384394,18.94468598607083,38.17034705007079,67.52845372804431
801.8789134172412,682.0079031683342,1342.6259577190299,203.129595129968,15.339042511817869,43.69381301951787,41.48655626262064
487.8848215194547,3966.795995357739,2086.4772210007736,607.0989229264322,43.19693163718482,59.8381334983118,51.18605030137218
127.09630040270434,1478.4443519820263,1747.0396461588919,365.05870083982677,45.59745790275158,96.01334774320162,22.95168698744633
65.01527766812715,3506.5526329940913,1530.0619547140118,600.2119141553558,73.33125052307273,75.64690489003385,29.0211396838094
503.3406016187784,4559.439403237975,1868.9039894927046,678.8049020867173,44.20850100368764,64.5712613881201,49.38303470023523
519.5988068578869,986.9482682838448,2700.1098032971654,353.59798007871706,59.315920056541785,74.3832133607818,37.363398056513525
436.9942684698237,2025.0034091457171,2112.971508297623,224.07591630984325,83.25185240762461,71.92925211185876,30.477973307397406
589.7589837267963,3270.8820615604745,1620.8162343929023,328.4710297707414,99.33346955105418,69.02492609942767,40.66862754582057
574.5545681392057,2156.3271047665557,1953.29858396463,667.3176726563681,32.25253151512825,49.64071194998567,42.939900167443525
844.7823889810583,956.6128139611046,1838.8631275016137,680.1054913360824,90.19544637283687,56.68470801399786,50.457836719865234
153.2242480991493,242.4509094271053,1327.7075620846238,743.9037666638579,80.60508718535989,46.14914664489468,16.731732914966894
263.91878280026816,2092.3309041396183,1893.0538298848285,135.27124248697893,6.800669031955309,39.4958497046998,32.81591320588485
803.3547300116488,3281.1242302514097,1358.5309104842827,820.3322163519169,33.41589308538913,27.076807175625294,59.517931582332075
855.4450238624719,2912.5226199471945,2284.962414722141,691.2663235255459,21.904295983438338,35.52132012623902,61.10635205055931
995.0830029398244,865.5820748271478,2908.2918263907422,40.20002592373279,66.43842724229981,42.85296173096543,52.134528484250566
879.26641556773,2308.3978749501944,2881.6028046168262,342.24187094070027,55.52991362176882,57.93794049844859,56.00122642830472
895.4040567187145,1910.4081262881389,2471.1705699536924,472.04414334741233,49.485105258955365,49.98750972030139,55.19513684922461
348.6305454984096,1443.5917712376593,1825.1887463254811,367.01131548294666,76.35637638075775,10.794895427725915,26.489512971372253
431.57855230890755,3673.429094915907,2260.5293648086845,126.24271932632898,33.33086958119834,33.99736554572604,42.15821227624279
304.6808495795235,1617.2949471332033,575.2424710097855,215.27282165995695,38.27522955532656,37.619346860163006,22.13261988920064
625.9844282830799,2746.695566431843,1463.1044490760717,34.315780961031216,86.56339482254492,70.69259651130923,32.362442230773
941.8650864966864,4623.795322821121,809.0490567245248,102.1463897390372,97.22085092600065,33.28920843554545,53.788473567690964
377.40884218603685,2742.4523130425537,60.31019427257393,273.6371165472993,77.63573407678322,0.7955815584637871,26.354996886015414
579.1516927873777,3123.4122597867477,2901.875845282624,821.7705629793733,21.707097477722627,8.433662333004166,61.38237223884432
331.4846489308108,458.90533222100186,2598.353257462932,531.3711348378282,11.265163216384732,49.69984179702299,35.50947154699074
211.30997508407214,972.857304334508,1565.410924486284,430.2529117841949,20.9205147765802,18.849550427237062,23.802597856161082
235.4262533277229,594.660876560756,799.74924995107,665.5413145189635,42.27613650228964,49.46224112792327,18.881918679271827
105.04807731122344,3847.5834469436168,2094.276870087748,546.0954547217551,23.669702774763824,57.420537208612245,44.38883069276884
951.8288468587946,4196.013296492528,1332.6631994222862,140.19878748806997,90.10411480720117,93.34379025693546,52.805015294937505
432.7356280822481,1013.6309366534305,2419.8811235969633,230.39713018594767,67.07229017674402,65.55799243488198,28.661104703415567
842.4148474020027,1174.4315795231462,2998.5784250338006,230.29713738070154,41.67292447830141,3.1040722633432716,50.67056098250553
697.2629990552066,1683.7157185146361,1079.7936920951167,603.9529874862187,27.38117328615608,38.07305182848445,43.31641282376818
232.32510334053111,2996.2803230737936,770.9889782602409,467.008122527453,38.06610051409643,79.34569707815385,28.29664423942794
216.68913425013343,3146.8013496200956,838.7783419445368,393.70921193524515,47.605059536673025,26.05624559899281,32.036582272806406
821.3887914350177,3465.0943968531424,325.37142475798225,561.0727811529702,71.38223521757287,92.4973071500241,48.933020715379456
301.4761250885605,4535.444505445967,1212.4362796754583,970.4146279247316,8.93415582288789,52.90107085636377,53.44826529703117
917.6209245168769,1545.696688433037,101.40390551488245,321.051521495318,84.88329397889457,9.24476918222058,43.07167667872288
183.0526344550161,3327.9190471132006,387.46689433376304,524.9934792971821,12.756003113018,24.167054018028033,31.5339015101055
693.823183731746,2842.6419443106915,851.5024544543775,485.5663154876745,26.24500819724379,90.62991990886626,45.1350616766055
823.7501822293872,1598.6024780215787,521.5951889329681,719.4766014283863,99.35898957725838,99.14597511748097,43.07098719016167
273.49356899486276,4546.334414309,2209.8693435271393,732.9873653030869,19.020863404425114,86.30158925673534,46.303956730482966
312.39699528373774,567.8687186001657,361.5341330603059,731.7800141989101,10.114218778634566,32.06766846519212,30.69404294962125
966.2929418322416,3588.805031477052,2604.682609822348,209.50438413935737,63.84053019187983,76.88190125100985,59.61267253425232
301.36772507885036,3666.5811938107495,702.287785947311,454.6022049975759,39.31290798512249,22.222764359625568,35.25705243035385
458.4591974050454,4585.099985680812,370.34232006612467,813.0629441188462,9.183543426850871,38.452228744812764,47.60768655442638
460.8898135802478,2641.0449025216326,79.81460107221265,387.7148688352373,0.3742428349045035,69.71681286006974,29.091234221171746
290.3830124331994,1675.949457274305,2159.8547627503317,984.4125661170295,7.91615763814778,96.89013391845617,41.30338562143475
787.0015321152359,4155.9292823141,807.019400518699,371.1388743742772,52.27355787719067,43.91982767814071,58.79269407015046
783.2568760676975,3876.970380978724,1553.0208851564357,502.69015906854855,23.089294513094227,49.58364210333366,57.052552271231164
409.4021135125964,2551.5465106554047,379.2673376828594,479.7803388545214,77.75521343189499,22.016852895105444,32.05953630141879
843.369501526697,3862.501140605674,2956.622973546935,439.3271644445501,85.7508633071743,40.32227427493651,64.45022020104055
252.42118767905225,1412.5904501785778,419.8849802563681,847.1750546364253,14.483301771529433,6.301860769564438,32.16609781947514
54.09048688429471,2988.5810189769927,1265.1814835935406,163.7224851725334,33.701987073447015,85.85858956268387,25.186574160877935
592.6089939529539,4339.39892846059,2562.3660318866746,571.9880593498432,14.657412546819748,2.3334589214200396,66.78285045187933
994.3738838297596,1658.1240726209112,772.4164980172001,622.4155615818694,28.66927035819472,68.35245845933517,50.84428756763183
86.71209433554037,2469.3949139106417,837.5667667712115,852.7090949886771,23.92044187505713,27.322170145416703,31.120156618233725
247.59817002303754,4760.119785447158,2435.073571877662,613.1081583268474,78.68649009371865,47.61094320331617,49.09379805433695
542.96891036273,4011.2380256615097,856.3519887164374,960.4201443099029,34.54796780140662,28.155844009975752,54.562746930745654
819.4436996226272,4446.491199619708,58.47036772969829,873.4460351383196,49.55647987441763,40.00706680269044,57.089010183016555
134.58990482130056,1987.710598363187,1312.345475445352,355.2525488692042,67.38951054729814,54.67778864190459,18.439409764958587
425.4729210709496,4982.875772209338,86.97886855150122,861.3073808379262,82.22566491521867,64.08934114321947,48.71506747825746
759.722010598392,847.5714629506836,2733.887237296632,958.8930359525211,30.12090903224518,94.02861430991165,55.801753233915385
402.96604798604346,2641.975857759914,1943.3490113287016,264.62520911534045,20.922066770401916,33.220090177564785,37.7737879021884
229.39459945185703,2448.439573251622,1769.8920853526645,614.1067185977644,97.84533737558677,58.48575129737519,31.168154104305014
235.72103602675796,4012.317734920659,644.6890570439712,288.9858732187142,32.01475446474969,90.17221472082441,32.75386941308579
439.5463475692445,4552.227085323559,2114.841247014477,653.0716062913954,67.10680991808755,29.023180795034254,49.44836620524532
505.44622106559655,3682.5829468494926,2047.90119885112,102.70637650155167,67.78410406778043,86.5049981125481,39.05329792720865
868.7236969252133,3171.3995570384836,228.3675430798266,736.8461416503669,51.4029445599541,95.75550963898492,56.14361276148917
660.1397976395939,2194.4030351576685,2648.497265891189,425.6216303093894,22.844744548455697,84.74937056269137,49.07228241222185
705.8818567897264,2600.596993671097,1759.2694206429262,591.4341068896724,14.145742095417624,56.9860501341597,48.99707883931816
983.8378129591116,2595.571534801627,2387.7772990639,35.60377849826316,48.70161449144311,72.2115539993295,54.132671609766135
441.25126828592505,199.80552105345055,825.5965127800904,698.487040658225,51.0929536711377,48.106586855104375,28.641722123407042
433.1866830866719,2564.9244436556205,410.04100927268973,501.031440593891,77.33667567747976,59.7255804449735,24.33238763213932
927.1796193395217,4294.256920853212,2122.2262409010145,628.9984976109636,70.98334439521935,97.44740669782722,65.98785693814425
283.5818076548057,3575.4426545970164,2391.953924452728,322.5112926524123,91.20412788358666,25.112055615554496,37.853169991514825
743.3244839877233,3998.9722484125236,1188.7989241769096,154.36197168720025,97.08605618876317,79.2547122540644,41.34860863959173
766.844481307228,2013.3764498657529,119.89221218311816,441.0746525761806,72.78513261995407,50.623314975480326,38.15641570269409
142.89859757317095,2691.9688608734946,2463.8493727289006,944.5393300734996,7.651124883025339,17.687325343187265,43.3405089434637
494.8198354089048,264.06948808579233,657.9770236748,235.51608638726728,40.511830921710256,64.3535380704444,20.158174013821807
240.53434775547632,1976.6899166297835,1050.1442285975902,679.0806219148991,60.88023698406829,79.24269065350767,25.862284293811328
226.1065091623614,2424.6386199739554,1903.2814729425343,59.34510859419597,59.01950714499576,56.875581932336935,22.095406580426054
490.6367049397324,1350.5236080355,344.86642167334304,720.9187874142591,18.14437858305982,83.74328009916591,27.73162661454183
324.9582221326617,253.0807970541841,262.3875101084663,246.05281493347812,58.294472945087136,36.58686140869874,11.170879966082726
806.2574252445773,3482.9997330168653,125.82612614705907,457.00188962703913,34.96805078814441,91.37682989874425,48.949053774631146
912.2246468209582,2231.9299791593317,2754.0875877063936,374.07556958882634,33.89268448437159,64.83200999863273,58.115525027061196
812.5845750239473,2136.8231462499475,968.5790955925341,121.71193988418193,83.40070053012361,80.31593249315631,37.43438545853282
302.72932899058196,1324.9350947396936,1998.943504595539,352.1261329866579,42.193315866822005,27.298512485830795,26.422799715835033
310.42767400417796,2735.3689550902836,2968.2439846023394,356.6237087102537,52.73959540644526,44.61283119029167,38.92998025729078
291.99193261159405,2246.3312282265842,2024.8798410077334,526.884582639454,56.287286103447876,90.96174117401453,33.9594842591891
178.28619125342428,2422.523917842546,1599.029647775731,972.6280176105874,56.29967798516162,5.089555050188155,39.129702540566285
946.6084496985256,2946.2696073382717,1586.7138038758537,475.317347285524,21.31215137833721,40.39817135631806,58.64745969363735
431.9454082492159,130.99077147470325,1161.9055879438774,915.2818940763075,59.94533631490071,78.03186580538359,21.88443401227635
263.45500081858006,4547.709927338271,1819.3499850675016,466.94208197692984,33.46236089441196,74.3814690178002,40.98104524931856
854.3374979828313,448.3282450308982,2878.4345991598275,116.46786786619006,65.50202945961696,85.16228307693663,39.5426927474913
429.23553752490096,2309.531261848373,2374.7298994100147,237.85136632318077,14.569759896572709,73.93903346787432,35.31911560203193
83.36097055418325,1116.127088672969,1301.4685202480507,413.44249929702426,99.41155946336696,94.70921491690063,10.46827132659423
203.8444917371496,2666.5336099123892,1030.712245645973,332.11508524048287,77.20432914533956,49.82595553500458,26.292373853670124
657.2878233383615,1473.1275331059753,2656.4180123882084,867.1709946571667,41.72514334843075,62.4289836853291,51.359418980091796
793.7600104631377,4314.031840506759,450.56818559845175,681.8591461745858,30.135185086428294,84.77057585602266,58.56143976199447
250.38766906427728,2042.1631864158592,2556.27650804469,582.5253673994866,38.78020348178458,70.16909498563471,31.275252263060278
921.525809802835,3229.902223265343,802.4764459598805,496.3172557243236,72.12082727738749,10.205671887366918,54.981070421965114
858.4472640495562,1319.5106679246069,2161.1062455389574,403.29791210617617,65.54077995845653,36.69964525947916,43.53863095263565
855.9617163580269,195.09013742068578,2428.3507132857485,616.0705154336912,70.20925120005874,55.25907983318721,44.97706168131406
266.2780894592534,2080.3572245050527,1457.1397259272442,133.36109378993717,88.89991954515392,75.47175438615689,18.174906955274693
98.00918921755482,2728.783798835622,617.2377296197093,170.9078563347366,45.62952263104093,54.35675688185733,20.927865217838164
874.0523625084545,2351.7810411825762,2542.0648432140074,310.08518986273293,66.95211484476647,77.7549241383792,53.5012680231713
340.510217301639,4813.870382712414,1134.1496179072785,179.47277029646366,44.15079549598683,83.7609476462908,40.49153574497143
637.9705621148496,3563.511951845539,996.0067684234319,680.3277318345685,63.80980781198765,26.512827029518103,49.74197794762549
771.9685395156936,4978.7820230644365,1554.5477379426468,34.520638192182844,47.48236369629472,61.60981731621135,52.19945296755052
171.87859558556417,1545.7944425384626,1333.5044112565572,168.5757167500826,77.66636273378931,55.7110377480783,13.643103355281609
791.7964367930955,3966.3610700750182,2065.004040264236,903.5820284038153,0.5260123283733042,22.73172526548678,70.92414258774599
941.5858860130126,2822.236490978408,454.73353469936285,997.567716739866,21.571095578978184,48.98780892368314,65.30133040029278
741.9562174590886,3097.6257367976473,1335.2844794412254,492.71457304981215,29.643762516324458,54.85682845687174,52.329663469401055
469.1616110565302,4930.680682167405,2680.520343114352,500.4163722915407,94.53945062511163,81.73398752058645,52.232315867256595
882.8442318141177,3304.537278780473,156.38499284719006,775.6647746150638,50.70462129669179,46.09893746422803,54.52702601499595
551.084748568931,4504.202772450897,1399.148082802313,45.827681844369316,36.435187999814126,8.091598247594945,47.18754556209422
757.5323814259165,3656.1761501243104,1998.56930083637,432.7512670819683,40.431211561367185,48.72959582322072,61.887195642156
829.4806466656739,724.1919964512753,2668.747706773857,108.82960299681024,45.18222834325363,83.79509443764327,44.26412046991876
761.8852186140557,3527.1761805793312,1801.6693694528683,406.9171188299211,86.78303901139711,57.12554523275456,52.8684354822701
323.46213224574626,2473.1463845588614,2482.228600156019,983.9836227175861,96.23358656801379,31.88652277022179,44.7261283455428
161.95170586053953,4602.110165613478,706.938505929895,756.0969479953275,84.41646397402306,92.09709479842584,35.4777128200679
276.42160289395713,4053.48879123323,1090.7878368721856,985.1954169283658,84.16567634189485,15.565138462606177,46.423218928723706
527.7311901313356,610.2599692754036,2829.2902080877257,748.5881394138956,19.90151109554612,32.687765249330226,43.23470593293801
530.013076178441,756.1866539024364,2663.6265836234247,612.0289710885226,26.867807176225533,43.713469062958,39.19069723980181
603.5121318488107,441.09390881316733,1695.9612989316784,756.678624597971,59.60491805580991,73.79778879258764,39.06879533136945
425.3467456704963,2516.8998862486255,1452.6905964947935,662.5007562412749,65.6137413441311,83.5746792125761,37.26813565439818
797.5468123775263,495.7816201160298,1380.6488047906525,469.4253696028893,20.27053734460813,5.856047624519944,45.40316169287118
917.4960628298475,3646.023849216001,223.4295016226973,299.6208706651579,74.62818727465174,79.20358204635946,52.377750419106086
284.3888008054977,2806.5570491071203,2682.5124566718723,524.9762787410114,19.99635529195868,72.05284152506633,41.9726767326002
749.6970568167936,4195.836586010398,2463.54104982524,265.9085391624162,26.30106465894142,89.46523048118164,58.632969697121226
694.0732599177925,1470.9993644894498,1395.940876947208,491.80958297772384,30.679553798161063,90.04429908255422,47.96882385622879
546.9359743153492,2643.7898423895895,874.3479195224465,154.6740518618751,84.59914164903171,77.75255586604484,31.453524133471245
229.10372218045222,675.6504609616674,1061.615788958265,569.7411479803404,73.20838968708833,19.020268426368702,17.913278820331875
805.470645653574,4434.589012986374,413.3237283250239,252.83085390398372,53.068543572418136,31.38715066560507,51.297651320660705
962.594971347391,957.5243152202077,2179.279736851882,300.67202290215397,81.97492981348951,93.6319698848498,48.98379139549833
735.7445156219328,601.5750316169845,1692.1760768368301,504.03786036456455,81.29282473359235,59.81732998538578,34.48945538285616
921.9669967944474,1104.747932763598,740.6050973334401,170.90099049136495,38.98330959487234,53.87607343892877,37.53500673358882
984.9760017005998,4050.5342947426093,1887.8664376291847,962.7560847995599,78.14372874874199,91.57094400439985,72.88783837063754
384.4481405272763,618.4911856549458,2938.7291320521754,452.4748722389474,20.624277200165753,87.41985740996647,31.947651253785292
656.3123752800201,3110.694724707013,411.06564965472865,358.75643733048355,50.32288499555093,72.74961533163808,39.53184208276597
500.2361007561741,3756.2883730141157,1402.5307813447168,38.90463904165512,11.824173038867036,88.22523041595434,41.56689076147058
987.2973095200686,3780.2976863660683,1507.7685217202738,844.8218194811105,42.6794485591258,11.383497719548396,69.17286391278216
139.11743280733867,1031.2983443798425,542.0517807802171,629.5755761533205,52.03657697671906,75.7543966599908,12.118439605716311
441.7561685823634,401.95759205029884,1618.1616224420786,422.2411032928843,7.991835791607027,96.5640202196868,23.19567079451684
881.7620923008744,2299.1512804838662,1837.6329127168656,253.07747134509097,46.26127617317499,4.897679228140439,54.23825960516891
319.8487450001897,1092.178191698276,514.1663895145612,747.6860444886313,65.1670542960133,22.304565179063417,26.715968909223438
798.4032081069291,3526.4269641682963,506.4355020761854,946.0198299842505,61.408823474473785,79.39683888654189,53.52702266347957
413.64400464124293,1847.794718311563,2576.22871111958,387.0016085955,5.4353887891057,52.004716443065234,36.63369712490534
980.9796128956503,2301.8343110623473,968.5929381766324,143.52730769543896,9.533968590820107,8.661835454126132,51.253109297854785
889.3533446025222,656.0761721983879,1909.4834918819613,118.10279980000999,35.1356245955141,26.795802915602117,45.42142921856053
336.25433977948455,2880.9964040861396,1898.9805732418818,16.298352610547052,84.26857229161057,32.40595999226477,27.989990569313367
781.6834578609623,1009.0685291963458,2525.5540829687734,746.5158863640047,86.97560531673625,32.10627218459487,48.618968451471375
370.01371664160524,3427.0297384831915,2232.689162132994,981.5814320426538,30.9612869707926,87.76727494688318,47.06006405192717
626.0446982047583,448.7272304846791,2529.7004786429197,992.8895752260325,71.88920852414564,66.20364573580414,43.8738716754421
675.5567299736274,4881.883502178484,1894.3836294694638,786.3552817994963,57.73905923516431,73.49172783690119,63.604808557497314
838.1156386314198,3454.182195070477,1375.8986235162822,170.56194051308313,98.34222587594326,1.3570088888551601,56.345841707097534
73.22829883791414,990.4748822784383,1211.0212378735703,977.9323613539904,9.464391228969172,42.75120029604318,26.173130686196117
259.1499965946847,169.0637627630934,1168.1378116512358,334.5353085719314,54.788074224025486,31.78206280655269,16.31158526684312
726.3219200591498,1738.8681718055718,1284.2596388320155,340.28341339761823,59.253764887125385,85.19254022401738,40.57618371562814
585.3470751210605,848.7849938558163,431.46229385362244,690.4635833635145,30.76685709511161,95.38696539198517,32.678185573457796
520.824824291086,1170.2155322857752,1300.6771944593427,58.55869520370687,4.695324749147078,42.33408495870052,27.666090390660113
102.44945887258143,4376.476266345659,1198.8624762477325,827.5120326084837,5.210453568782603,97.30606145712987,44.50442969491413
380.8620892883834,3055.7028342491626,151.98640678878283,997.3243037228666,45.36180542006382,1.4359204043768115,41.92763921416923
871.845220315116,964.6424998416074,861.635728212703,777.3190803090182,69.24737894439191,32.57194042086058,46.805732388562745
79.34819518423058,2827.631063368499,2268.1255754836398,783.8597262952599,70.01757858031274,77.493117792995,34.0167025696876
426.6144235965715,1353.3252017824668,1754.9394356583948,396.41053386088544,18.09698497218242,36.009963047503305,34.578319539045694
947.8908732872341,4883.384235354637,2428.194115430289,75.26217512550035,85.79721410057863,92.09623303779163,65.78182676112829
98.33669781776389,260.5104282921068,1650.9297309232566,794.740759892079,37.71624259697449,21.84648924981305,20.46718817791544
762.220463492405,3688.360268622294,2569.547108152039,601.1865060357526,96.43679019724178,79.56667273281107,60.14333317227124
294.7319853729346,3887.685428337994,2398.3979438250644,910.2453022308636,11.815963442563682,20.17022524025244,54.21182756165259
873.2783905459888,429.0975433927313,339.939481919629,124.8032711651642,83.64546986354819,19.710491767283767,33.570987769381084
758.7645800113968,942.1598847336227,2932.1687856471776,312.0718324631672,90.83381532454477,44.574935838327434,43.30157995618608
891.4199123154448,1983.1026296093921,93.50496835891992,367.04959218615255,82.26755261437314,94.49405883303325,37.374359840921294
255.1285509097027,4353.958649992433,1810.6722118923747,686.4469114592446,80.8841141199684,58.54549619023482,44.90806046620716
554.7281170776747,2731.299698250647,2387.908952484449,789.8677114721235,36.1310015404945,63.50328948735802,52.77281161480827
790.3064463960607,3311.0035650357236,1029.087712560165,961.410204498576,71.3343106720973,0.9732672468616199,58.11622042755907
283.4147558452319,3936.762893738529,1815.7808872766159,302.4530867409129,57.934656601130044,5.661520463176517,43.40325352359285
269.2089900038561,4157.801662853848,1118.2614659999724,498.7000444786048,42.44791314312184,6.693402566102346,42.657338613893074
75.82302682270577,2433.794261110037,228.81417627213062,38.67132078048542,99.31116960536798,81.96421746612322,7.297638107598129
960.5895292766797,2593.0863799900585,74.96148131352616,260.45799932779903,29.04547181451199,23.68521217583356,47.06063084227363
724.5160360518922,3618.228699730119,329.84298882800556,380.2634730384439,41.31440221877841,32.88381846387423,48.00278800823483
653.7823363096757,1390.3775578045693,340.30830265413806,597.8681444601938,90.28610373381174,60.99527786289806,34.59097722026655
756.7949865602413,4286.99970819107,1852.1248433115622,476.1370386631823,28.900827909627413,58.39543176533192,55.9755021983943
555.0322727606674,201.8554399316237,1601.3024313394142,370.83030917922736,15.268114212853778,41.052949756844036,32.12752264848914
502.32713003588987,1059.280850827651,1393.616735510769,627.8371868640481,30.999974966948507,0.4300206034838494,39.32338226342119
477.0556290673448,4020.979720878866,2091.1683530271316,830.3295203458304,75.93116771017911,44.96025750508157,47.786937431392055
658.4172514984592,1767.265238274094,99.63710418672277,249.2643216549413,85.9854009702266,73.8882615720023,28.614871359326056
241.45822662276402,834.1808801922992,849.4012701764062,349.4471204678082,11.44449876223611,23.52393153254554,22.098756811907254
893.6557602641262,1015.0983029858762,2343.3085572985024,707.8744131901498,62.17126810748266,70.8358010273818,53.48994443743671
821.1647526583018,2700.7063694867406,2734.4324642254996,780.1611927709449,56.728690559474295,1.515281981727823,66.71280066305789
382.0854308794322,4246.28949379044,1343.0929589008656,827.1429030173008,66.87977855133651,90.80078043145318,45.02410146031106
599.6788319718981,446.18850727844193,290.37774140847574,217.23790670805838,67.10563711267959,95.00392076557908,17.224914982470327
183.97593495251388,249.35645471078206,2406.2497807240397,543.8742916319715,95.94674702665283,0.24614834245593187,18.566297677122733
973.7289355369181,2379.3238656005315,2661.252778154564,901.0109875400316,34.65292084267393,45.78184138065124,71.50738076592197
907.7480532487693,4785.31833376281,1270.2977985464724,398.03095054057684,29.97669217357788,41.3821940238669,66.2094462079756
925.8026311742404,1467.1480367292193,767.8979990648172,435.5842593193401,58.12252858218252,84.18833559195065,45.91776527822321
365.554895318279,4799.935641428537,179.7164212576886,984.9747144616789,42.941845923866175,54.07215913232687,45.80374871657606
210.67797201371295,4449.637765291007,1793.694324589825,121.92211957218036,47.37542723125783,61.13654699360509,37.003213608787085
251.1835552929948,1487.3618742988044,2734.1149971593727,708.5459695670196,6.927699350449279,20.25060030864224,35.41138097320442
135.50132149283536,4103.045514855119,2049.7696752849606,851.682285770483,14.824217695359298,7.706466799708089,44.981588367978986
164.10509859631512,3460.749782587212,985.8833637894663,159.28558146767725,93.53749365928618,69.23310971826253,22.54254077716173
117.73930747560313,2607.9297056333103,1946.5205566554023,717.3087036471651,6.8291451670121734,62.06759919694284,35.86593948416545
990.3319157446298,2172.2891009100863,2504.6018019716753,475.0408397903378,59.01455926806209,83.2328733983278,62.25684364874898
120.35479920061991,4095.963504034738,1453.6986750809008,854.3619758278968,75.45750290178901,84.46834474420555,36.17970595922261
175.91497690384293,3986.089220205604,2468.2580454936237,908.377793667547,1.1863528440827498,63.10352739729366,46.67555910860236
835.8918658111996,3808.98804611854,1206.1335461657447,873.7600541230277,22.274814793338482,53.83613829502881,61.33980422766189
601.228205905796,4991.45416095495,1078.0917518575234,73.74128620322264,37.707203084938676,91.40082690118511,44.32181970194665
785.6963443408657,2444.711058612781,1769.8164463417345,759.2867240468245,50.68174470686685,80.12641358523173,58.97346951398812
649.3664073840223,4053.922591317588,1420.8249321987198,922.3122992359711,34.15952947556604,88.24249949675782,59.708328868781834
888.0663168125006,4326.143998219044,2932.4801653601953,625.1349562642216,64.899925814905,99.58408982739928,71.30959509408797
656.5441513765036,1136.8526491230514,1573.3487994081154,604.8672998737053,22.639751725071267,40.35057877665125,41.85608154590317
546.0188382579934,306.1255660599988,1186.2574853022636,54.555333524129885,2.5482936429019,71.69346622907507,23.67469489910732
727.1122090732347,2083.26717072404,1215.053952229182,857.472691983879,0.15710508182541494,68.80678152315784,53.10259024673465
475.023114202504,4298.0097537402025,1666.422854308694,55.93952522086991,34.55120119496342,17.414271333279995,43.42429439978064
378.760631759498,1516.6060778531,1096.9905121241763,320.3745103208272,36.16627991942472,63.654859969304326,25.41089600547808
494.26982982770187,3530.0497549303777,2182.574475796561,926.6044346343433,94.86041173865439,42.80892758789038,51.191403960132554
211.22839984363264,136.00588141488714,1172.9556367198406,950.247691302217,4.47807125202363,45.06355901137111,24.59570369217151
806.7431433125569,1841.285718369165,1183.2259402494672,991.9815350711633,53.006506013518106,18.013798985405693,54.809722616412216
297.6685922691474,3116.031804314941,1870.0710856615738,481.63826275675734,57.78133142638463,74.47393461359687,33.90645050324512
195.85496902019509,735.8102313544507,229.4982744532294,185.65525091720073,69.92750118977196,69.79409896782558,8.195162648446827
284.0346296940655,4493.3738695224265,1983.2970084396811,493.06504196079305,63.873460014066055,53.22901390021636,44.576872726678396
849.9666441836277,865.7424878736883,1539.668040618127,111.28979583221874,0.8139493723942848,15.671919122582146,42.172817094480045
363.6912308178448,4557.988370519574,1386.4270371455927,873.8107478802701,63.185767340901165,55.68647853571268,47.54616940241521
701.7473760306052,1160.307612546576,2171.7963225884564,564.9318609338397,32.23879396997321,10.013342214702037,47.84545656389982
863.5891491229523,4971.96550218762,2286.85455691434,410.46084017508775,77.28689613478019,33.93720261422565,65.85316677260965
123.85743357879001,3063.268695148395,2546.469547066755,88.73539545599635,18.836538613569907,37.235784279271286,31.02760159129636
776.7731849191408,513.2899827477253,1155.6692064114695,411.1882700484641,71.62056519771794,88.34253925406446,36.44684491461233
342.28219306007855,419.8584489454333,1014.7611921474742,867.5296923062078,62.5495333689061,41.556207544438514,23.828283008733088
255.79124597484054,467.11631167139694,2157.3091994088327,706.3718731524406,65.2290885327475,59.8469868625797,31.850311334274252
704.4563798303236,2990.4744617256642,1766.3243344643154,91.63096233585692,17.594768708755424,87.47789879039838,44.379489355622034
914.3067915965721,4066.9380914041876,1913.814561737859,168.3081277289141,66.91740013324623,42.57594387556296,59.98405387184831
330.26824827677564,2074.517434675478,1688.7925759622142,398.38540580042957,73.69784086419149,88.37035200707321,26.366434960714223
590.3921151151031,2279.6952204811228,2329.444418451371,110.36133185905948,48.94102612378056,13.646131252663974,45.09101320660886
325.34240815701696,2987.509747956677,610.6206210518518,934.7007800733383,34.036568298754524,36.48431571599598,39.55803745727411
576.5713064401066,2711.898963453143,1689.3507915871205,655.7691241845671,16.655484928817586,9.472724906646457,49.731075097102426
640.7689291216235,3471.502492196224,516.4002773837079,103.8747712909056,28.996052511074055,56.09296292812848,38.231309611371
629.8186193506708,2411.75002879883,1251.3932209084262,790.1768877566561,76.3828362452521,95.72820604078024,42.935239063385
642.3690511606086,3597.917356813931,2008.7817790774207,374.72186928622347,40.94007245462558,65.69518353212652,51.85134601741608
178.32580260664787,4986.822638478507,1504.5612445268027,252.42193810768862,70.27132419932576,62.607561734874864,36.27273400774096
708.8634461073835,1816.4594270189482,1169.7950331829347,574.2850925202941,74.00913249984868,27.81586322431383,43.16487018358844
691.0128385612121,159.85576828521894,2660.661504176038,23.238411789335895,67.41702241242896,93.11067586231218,28.83167343017714
698.458716106039,715.5627232031084,2329.8358577675613,470.7436835032124,67.35384236829485,47.15347847756946,39.08590349400724
120.36702510177102,2812.2195064360735,1602.557815751106,845.3669431642179,61.08082043260515,26.700205304581914,33.425999643652474
474.496900293445,1786.863157008795,2852.656809242689,928.7770200257127,51.842197871371354,98.76999804330076,47.35672612658186
438.58337544344323,4705.914709154463,1301.877603833232,349.12915737227536,19.781668687026976,42.3123933794739,49.17726365214408
132.37590946103919,3174.4858415261765,2374.815136384913,646.012222283394,84.28033869218503,37.149898240954414,37.990943700530806
261.2495315019702,2649.7404112307927,545.4119074141829,234.55520398514523,96.42641724875953,3.496126729883442,23.63802882279184
468.9145002081349,4010.3935562328916,893.087807476261,564.610940274862,46.64840656001663,17.829497314468256,47.13358808852372
755.7609943651781,1367.0903681405662,1047.3524649351668,261.48744889165715,93.32387558846558,80.91913550722803,33.31288338454279
275.20897313543,4116.718847383562,362.1712204783437,575.6429435411784,99.79945377232833,48.269510460215024,28.90221536321917
838.262414618666,114.99941383405543,1530.3242044744002,180.00489612029864,48.61959125858206,95.48747269251936,32.5207058735965
568.5083714524902,3136.4190744650164,617.1673956731622,941.8202311931359,72.43553737499681,8.38858032235813,47.81350637116296
772.4006009253866,4680.310040124316,1920.8483738764928,888.0483016432188,64.37903382505226,61.59434423984318,64.46425571272346
498.9281841700143,3960.513764965963,610.772460740404,343.5490669543515,23.726481600074724,71.99841475433153,39.267423321695276
524.2345141511122,4282.807541522061,414.34345915086226,778.8962600356932,4.708944375431878,62.11831264646035,50.51377258382178
638.7334199106582,2045.0780063403524,2908.8058464168275,104.5490894248726,45.33553111744568,52.98775601258555,40.944043981317776
931.572077757533,4138.770835890618,1991.8089021427634,742.9572996183697,78.72049973962723,57.829832033871085,65.79780063874168
517.2219523422644,2799.075158648306,2812.5301983900413,289.6345383165771,32.513466268969694,68.954959137642,49.30164696047086
552.2246612028764,3130.8471588656744,1495.1689863800343,144.28535098910368,78.44387211931844,86.32635436375291,32.37694699431144
621.897115351153,388.6851627454372,148.537266036954,681.4093057245775,65.48016819629555,33.63446442846858,29.259963736815003
750.6393804328395,1087.6033161545215,1744.3949527727596,475.10874964119535,69.55413518175872,45.965408044166765,38.86725032869724
118.2578187119226,2799.7256360164074,1697.07021616534,534.8382057131395,28.574088837738998,63.59095866171709,28.158231631985043
539.9030665958735,388.1251833351385,94.17803751295222,525.3244862965416,47.00473828430469,31.42159523264475,24.77233097965139
507.51200974574135,3733.0893522797946,2590.6640309854033,68.85350228495935,18.170380002521714,17.878286594669536,46.14311615526985
925.6007350256918,4216.2793417573175,1878.913507818453,60.866446601750255,24.65805280797264,96.61687567781331,59.15606678693109
518.8312514145241,4609.775570344544,2246.838949659631,605.155828908616,8.985004309241518,19.472888879623728,63.47448572314624
494.9045079596144,598.665449981049,1507.067263164668,627.6259959318625,12.677340629620804,23.273309540225075,37.57137411505756
964.0899891079669,4704.62921531172,1874.2871918293758,56.70281094996345,21.051347929583653,61.86861004825924,65.90380871414379
478.04764042083747,431.33803738354544,809.5361850241464,384.6549385689396,58.023421137583696,7.736830992150279,21.96851080124313
221.8402088059858,2422.875458046295,2922.5854149175093,616.7227667648232,44.12111195476398,3.404765381520658,40.7585817531388
256.0703166654989,4217.230001076277,1232.1240222656122,660.1138491955455,26.693951256556204,6.401360380534859,45.62472602446413
140.42816142012543,444.5245789658313,528.8635329460059,829.993001683786,86.11124468976891,12.326364578576833,19.487918056389418
50.53972279599723,189.3322576460198,214.95048420515062,426.52496076091205,52.514769134198616,42.919686213418714,9.79983813267313
460.34837795045786,222.24382166258837,1926.7072026018448,552.7752033354991,92.31094736357936,82.92606434644912,29.059324793191614
780.7804522333104,2605.2241732365646,2950.9705609705443,582.774771852729,63.49649622775677,34.19718930955273,61.20644835931157
746.793120659844,4076.824048523649,2692.5937656965307,318.9248304673158,1.578759652871664,42.75314146474197,69.1361146466729
80.54163341270768,724.3906882557383,2121.20847408492,63.28714841719549,91.34756910156952,60.025109283586694,10.66839899216642
591.4837584143313,710.5902449897491,2972.2638905289396,14.1836669430536,85.74633356808263,30.21444256237612,32.80827232411397
196.5689691428022,2885.879589743979,2182.343373024214,837.7641619573396,63.52712227808992,43.25378787679804,39.89184041460586
944.0224705264624,1248.0484439784261,1050.790814034118,208.2295042971625,53.477355573081795,38.63116868643608,40.76536722075344
208.9967496619703,3678.0473022098818,1823.5934925275108,633.9521175175443,45.292607331858505,34.18835416500199,40.52740836419558
645.3072568126074,4753.213402066074,285.3115953324065,581.2770038574804,48.21748457668317,38.83931694820375,47.82756347260782
359.92644405585395,3853.5636923420243,703.9633461564954,405.63674597311376,76.92206408423498,1.111771041206333,36.24412257635261
659.4832596661346,4398.159295256691,1281.743695989052,835.1583756136274,51.31416023586858,88.62606681215847,56.72345862118249
441.6456666408714,2645.9716821011843,645.3645560109835,701.4175797364452,17.602469870244065,97.73467974486908,39.042773965414966
771.660899691075,4178.364590665913,2862.8279937431034,32.51404880478121,5.817756717299272,86.24961914161383,60.876162711324675
269.14516906146497,996.2256015347436,2987.0127038967157,778.9271326231179,12.618627628651247,0.5742274054241658,37.951494020073866
910.5022602685472,434.9046629385742,1144.260964358913,511.92882982174467,25.144110883738612,75.0885546694622,47.620790000461696
525.1991668476845,3314.1702396109613,2142.225508927736,353.5490961920184,36.77341214397066,57.31001725867135,46.633948251209375
768.2884903272102,354.5672684144741,1252.9236554565596,729.6158099465611,89.24160121752087,9.417491100775033,41.53894672916806
857.2436818311658,4473.158953784435,461.5521529393089,689.2049733498067,23.9087232199668,93.28591348795976,55.11119345008948
998.8871804070646,3488.615320826351,1043.9342007212203,317.4823554902596,31.95985580025348,77.62171292226368,55.35681234291301
262.7483823142603,4765.783554503669,738.4465112112065,983.2084827829026,22.301453952677385,14.529628644809367,52.248476350273876
322.5477928852821,1638.0446159348546,1017.8307502018882,652.2214018446358,54.57418187061334,96.4041429693496,27.227400524122725
287.91143239529384,2482.175715087942,684.3139807732637,609.7219153293547,61.708669629448686,12.619875281064008,31.608286913188184
299.72776555179354,3734.282788721083,381.4181012218269,79.18155984695434,53.21275318971607,45.467987850928345,27.890593016138116
603.3225044624086,1289.6170287580208,691.413866619118,286.52559254129005,95.18566512169402,15.897573265917298,26.157153339093657
993.8463969885509,2755.059218547168,2721.983243898036,452.50426230317703,99.53780176541242,15.019079505790444,62.98803469430908
990.7641827381167,3331.3896475268425,301.40394354075977,634.3194472665796,83.73959898055632,96.78057383746102,56.850323307513975
550.4345697941923,4896.162406790502,1008.0320990779418,517.635994423074,80.52961448903022,57.212278139234016,52.380396812235574
657.0758497514402,3749.0461417876854,1608.9271887827742,765.4026041366773,36.60527767496086,25.91749176930025,57.82942337870081
866.9720165165256,678.8411663674626,1095.8123357261527,269.94203534322287,57.97835061619983,77.63993708665335,40.39467591945605
936.2867855308299,2429.1339117782204,1576.9409303057173,705.1354253296595,35.147241894888516,87.52443993025074,54.09611272576568
243.6675959630667,2984.9768366489034,178.0891776913442,818.431076422251,78.43558461737393,91.76039367877787,25.6811189997941
552.1146424953303,818.4534000353284,1963.2804184249144,767.3994758271238,17.1831139091836,93.2984970966872,43.87864910964436
841.1952019284366,2216.633679207284,1712.2624645903777,773.1381187421531,21.667171429464304,90.55818297552952,56.5170496431375
338.04197280286206,1491.6285000455327,2058.85048427134,889.6219866895437,3.869407087030885,63.89323959265706,38.817843080787505
467.8185903564434,682.2549570839273,1723.410556690349,93.33675705568461,60.89396733379924,34.24666498070571,24.906701556368805
986.3400464364076,2609.005473970927,1341.8155681557064,700.219655660362,68.8538258788957,92.55676774388822,54.692194206855696
985.7943618848275,911.6020969604925,1082.9175497675433,968.9914191052964,0.3362286231378797,12.249652800038602,59.07245961954837
910.8014702269226,2993.6333020700445,717.9838107943398,577.9141433757928,51.07857639942506,16.879981505081755,56.20039239345444
808.5259275866547,931.5149679851406,1525.1997940795072,225.1431488645487,37.68745384897739,43.382754049569385,39.95532988855376
305.6739756866655,3645.6151256538233,126.85473451364557,998.7662677164708,79.23807818187677,28.366494221318163,36.26281330743021
354.80757036382806,1056.683952845385,1018.310442893011,182.93051989326415,3.8890745998643395,61.57328142238714,22.925967216384624
569.918699144631,4491.796993803133,2049.723266015362,342.20212040111073,4.8565688818078545,90.53019229646232,51.69467093520264
582.7385058339115,228.42584708916337,370.7152670747598,180.34156653299613,62.02090987258799,49.10313263724476,18.07553149628685
530.2276783892137,2657.787196524106,235.52916484260933,469.8677400625676,59.16388545797639,55.38705934185323,37.511875640246494
654.8367659204907,1668.51335284408,1973.9268856095275,424.6872495148487,83.10900229980103,42.31337289810925,46.65498137690058
437.90687150133937,1202.874976295495,1223.4354273699332,496.32848754546706,59.22668891573611,70.75691599759386,33.26058991043862
761.7154494497563,2410.8536179092252,2415.383857820674,928.7035660548753,94.93708285915014,10.068877984621382,61.09679046743123
366.8724301544376,4225.895727988877,2815.0683467154054,483.54114197588285,31.43846422344221,4.858988592656155,52.81963722006208
364.14314709903493,4584.858307080579,2873.269338511102,519.4800629515076,39.79214064048002,64.13384744331628,52.455660959995875
170.8646637972366,1585.9182289244443,1305.4989189878288,887.8152848592835,97.76746665029165,53.48785451541519,27.20581784572424
229.27659952747328,855.7937482658491,829.7653116113453,819.580414074684,10.752424337177812,40.73580290193777,25.121151750859045
857.9948349752898,3628.6881930749055,1845.4105292903103,247.32481091318976,79.59048531962796,33.3992641879172,58.7577226745878
473.96822165141947,2951.7937547343427,1903.1691314882974,22.796695676561704,1.1568714660440294,5.180744404312554,35.799453094722125
266.4743972251921,1084.9791285200436,1885.9175614238952,633.2045962800306,48.65132494033523,68.05561624139979,27.10449535274654
771.374045021268,3825.4493616284394,999.2469104706994,846.4013255991448,15.340233736867448,42.146753582071725,62.94592218444859
576.2820695260165,2642.7591326864913,238.06762243104393,557.3216114842961,59.886170372806504,44.52680395196167,35.60028254682474
70.09821085212882,3301.636477586297,669.5142745355168,219.0651508127167,79.81699697078281,89.34448514118918,16.53672206908114
350.5433844698794,1860.761266420605,505.5373126655895,743.9415397685538,3.304230235068728,73.75478825234788,32.890792064642234
218.15134056527398,2251.5780503816422,415.50602006076514,672.8438897851572,16.377272659174523,21.94431486932915,32.94296900994329
673.0792179336986,983.6762820372168,2782.5357971611406,569.3822120344673,34.26103811619024,65.71664965217826,42.695836110354215
311.2794885987402,3806.927751462171,90.85055562320538,864.7028122807739,25.579896585567397,13.225531850365769,37.99375817941059
111.69944024944644,869.3554883437802,1825.480330747149,786.3999294096425,38.32198898062551,19.406386785214313,23.928164187438306
102.18823973778579,3913.6827142802003,2845.0476974334038,671.2725705085526,95.18682998174518,71.41492407324345,35.26540167799898
602.6409330607792,4010.2384889344717,1112.1567261076773,668.1110823329861,10.120612744024049,12.589041824989755,51.92464610035344
70.63728291888515,3758.344723870096,1604.9393630587642,665.5806079552921,42.32821086657721,28.019395137097792,33.32340116171416
856.3525074792843,195.1716614878281,2102.561807251721,529.9130974673983,45.70913716075828,89.80602679835393,45.71767724014304
197.62726329441185,1438.3527417727005,985.6505992418046,469.28242819740854,28.03420518291627,73.83154782815457,20.202727647612637
626.2380184356583,2394.854939679887,1459.073363736385,712.5044549037325,27.850655768756972,92.94595176410199,45.914146374633944
472.4536266102084,3018.167455712299,2460.453408481618,614.3895366555288,71.47521617493207,88.18333419612034,42.77323614172174
470.7089451703074,4604.188286908346,2248.7992125767773,495.0807566775377,61.78438426509827,31.257942197531253,55.09768829307943
118.20728524204357,1940.4692634306411,2434.92576390388,135.3947403719312,81.28320197331531,63.23774344810366,25.508514024234085
812.6146377016048,4387.614261992375,2962.6534827015853,704.9095007666339,40.50732224780522,37.86956781217733,69.62857434142778
898.3998605155899,900.803511870499,1142.4660510617282,649.5385848721858,60.67110269796731,69.71043316261097,49.1962158404475
60.46583401501704,1919.2743887922722,2253.9192256605306,348.82594171376854,89.35881406825845,34.845702165091296,22.91549653474826
219.67396691226185,356.1818530244827,1828.2144729508495,362.759934552926,85.13284717163855,0.13173718800592038,19.83089902033927
908.7089793557049,3738.197526172549,2016.4840633025292,254.25516029389973,92.00233924999588,9.393821517178546,60.32255117168794
572.0189321600552,838.1985114212735,2232.6280192571567,962.2961038013686,26.89750225282249,77.1012326222774,45.58561633967716
192.53759933579963,1359.3980766774432,2261.7073849916287,861.5993492400354,98.54211845321203,8.400524477226101,37.063962424835076
242.6509299787009,3898.6429357467528,2662.948190419718,565.4385391180946,81.63899154714166,59.94226832402424,44.003805102854315
676.9869320252584,2720.111915371279,1080.4989419463634,407.6366150929291,79.48078060413033,85.77785123591923,41.90198246971614
738.5759811345293,168.46632515046656,1977.7700005301363,739.4570110594591,66.75786009586592,74.11012368421127,39.5760473950932
619.4554681509385,110.95250326224595,876.8567732107248,532.4508943647372,98.32679733720654,41.34387948195407,29.72091018332174
955.4909609168994,2602.2370955254955,1803.9776800950767,976.0925235759628,44.15632280464804,20.8604215293153,64.47169071307816
519.3604234786882,1594.2820173710547,2265.966663507187,64.57138778293302,74.15393047624107,92.25374877418277,30.399555054317084
335.25831653540035,983.5260853763679,2383.453204176839,43.942876712940375,69.88112879885215,56.63996817850598,30.110234717783317
503.37126447700666,3106.6102948089438,1289.367283817912,572.9249077936396,73.20889064470656,40.542005926705585,36.24373613904777
391.6829789832804,1219.3387114153927,1550.7246584440113,211.24643046201768,75.14648141692567,94.20576990232783,22.84317249551805
263.195098040952,3001.8150334562447,1034.85706095201,608.2611219146905,19.07558911212134,21.501774387191087,37.16929485942658
93.66508687313306,1958.4031578727372,548.65722229191,783.6087982617056,34.90514697024023,44.22818724536215,23.04082259831035
384.601868886868,1015.0564665819696,818.5263453179699,146.7286635730241,39.22539958259049,10.864570916350635,21.814112746519804
725.8388803242552,776.7132155568685,2740.804164454482,446.20214194763264,74.7999813979962,12.488026089953818,45.549103899126386
67.51591273143411,1260.6169553237116,961.460150107482,691.7804126148617,71.62479757193043,39.85962559968351,17.64591931473706
467.219587545638,246.1773292636269,2925.54003395955,835.5249349662415,83.33662052357192,69.96603559850992,37.63396292065525
661.808931377375,1609.8221139777154,762.3603513853761,501.3806491359937,78.85191578903361,33.88939441541834,35.688842387298635
629.8839037155918,4519.577981890791,2183.0597080690823,214.09205103696138,59.603387938941076,68.95979726030022,57.39832863230513
787.8160140942801,4173.674416826839,1743.0147160369152,589.9412630297766,13.994848648744252,80.51904692523925,60.65039596612266
819.9937298768076,1922.8184079263287,2105.766646098156,459.97189803774955,63.54552592323651,87.75779146533364,49.601146936010224
726.1205298734185,2921.584731050839,1949.6759424970842,774.206172734441,88.70592836374792,4.4719504053736925,55.05213031626176
147.65781133751196,2880.0667391688867,2134.908321612888,560.0203035609186,64.31743633897312,77.37316549730915,33.89153073832431
501.27132180414264,4160.81394204919,2721.3637928846038,286.6286165207265,89.56264285777416,14.714212222401812,52.87464089999438
623.2356596132282,1257.8214974331315,1712.2350133843202,756.8489905239762,99.90530181368995,69.82622932993343,40.577839532559146
283.28773686897904,1552.2986950857605,250.15390956678587,522.5695428323401,35.92022330235329,37.16624656000017,20.54321507249813
90.42422676443769,1578.7486253534964,848.9350316183537,185.77108675554422,72.3289694347851,70.77932976948618,9.053409961325364
262.41080483224454,300.26294988120424,2139.2459922058533,567.4415999105746,53.995863260050534,21.382424450799686,30.34006495704541
482.1496816460069,1641.9705301170418,1507.5201525282364,948.8368592474142,45.497180070816555,64.49907189009953,39.44674829222534
443.2338031018708,4401.777505281234,1668.2283487280763,708.4610983283587,23.986707869246114,12.551408706194056,56.26547845029667
217.83363226080354,4568.739473100257,1809.9123433718598,305.81532784339913,24.5914595995931,16.974554765680693,39.664687085422756
833.1947655493182,637.2131942658968,1178.7563553044813,713.7644435399295,18.4972286759971,61.446192516455966,47.47191822455872
929.4023352998884,2344.486853930314,2332.9917990091726,289.78024789215715,63.14835064989415,33.67714916503607,53.70591033408591
241.28090310007946,1968.6096177794318,2184.427907494818,547.2619491658493,14.205309664310306,70.37780731138085,30.781822904727207
933.0942697888606,2497.8600634546005,2157.183265969686,531.3298061496772,43.13864698170507,68.51594354026874,56.53987746413578
66.96791121642178,2818.1256678875184,2160.165013403087,254.91697012268563,52.33332392721941,62.163399025507836,23.94974221157915
928.7143490715981,199.26792408695573,2676.556104880031,354.4023878810198,43.82344771889698,73.05405412343178,47.367966475750265
954.3323505768625,4226.987014813688,1806.4086993576595,942.7596402381852,85.49295134739165,79.39352406636638,69.63914093927626
61.44926986512894,4870.9539585493585,2902.862988516027,258.09255105127926,44.31693597938603,91.1423282471824,35.380344035265125
774.8683319379106,3301.6835788178473,401.61841895238183,803.016773194676,8.283209296430261,8.051582948176017,56.795546057870794
971.6914939413513,3336.215968617509,1914.2789809519,670.6968742120187,99.21995411726473,57.15490147784498,59.64463385099139
910.6071078768894,2687.101303370471,2164.9333105105966,537.3028412005068,84.49835910602127,74.87768336204009,57.83105575220343
972.1746531364024,1737.9397174004705,1457.8002123153606,146.13972077051181,66.00434854059998,21.69414566698773,49.87924085671255
572.8073304127573,829.9913384796535,900.2147400479626,212.52504517931402,75.63236208086074,26.362114297694596,26.72757046947312
124.24833289111886,2961.910379210648,1672.6104854977423,187.1878473544999,12.81906997548441,26.69643443354208,29.032471972079193
857.2997379147844,320.2128771951146,1126.005656857573,590.9263163840149,76.59147941031748,57.23329714745182,43.78954969181367
633.136843018561,4140.062581690182,2731.9160096500586,973.6493647512933,20.774894171209514,36.61705684656597,67.86081790175116
633.9999069788746,2162.4673274060156,1102.5376169731019,878.4668701472448,48.89761295739758,66.60947401215991,43.55602529475977
446.3909293657519,2132.2956983936765,568.3356284712808,34.99936410028148,17.798278932428357,61.02396819679363,27.158705357013694
593.2498776950537,1703.1372065319383,1750.347963488086,280.98935821772307,75.37849643321918,65.71118331030486,32.359893541103276
195.9007901318088,4849.834054623074,1218.1781445720896,165.68488434765192,24.59338805124469,25.231761680922638,36.664182021013175
752.7815252378429,957.0930685765223,332.89952716248104,975.9210634789227,25.320841849169273,76.73713758229968,40.83575822742111
121.26644198396521,841.4083252285346,1716.2849354438297,243.2541322518369,10.922234934029905,66.4035550768694,15.060764673011018
743.2917286916024,911.1043575706477,1636.6469129388192,209.30005318840597,72.06064569638717,13.064961263145092,37.01196831749162
856.5295014936113,3326.784665968744,560.9314055679256,624.6665406464366,29.584463078087786,20.017285240906634,58.556751919241776
498.84524368626376,4960.287061775032,1813.0325984315366,560.6247177390386,51.828001320196734,30.09651463064651,58.40349876940596
534.3388477541969,1253.828334968598,1723.7089728795927,233.59296894342253,33.22435573670393,93.60415078387312,33.067530076487
346.60355927597436,4537.52524563069,2332.157237972693,673.6612158918698,77.47012588222333,32.63498636042333,51.920084841742764
970.9856545393081,1465.2211401200448,1116.6312930357715,106.03713918174225,22.648365649400127,1.9879082665319237,46.60821206311525
746.4682508315681,3274.709608613971,783.8405948077359,29.175375370583247,94.08345000463918,14.16257376588499,35.54990674974606
400.5391256353277,298.4448644735018,2856.098666563788,91.59064279928336,32.13399748897076,3.2171823650812836,30.317040184902755
216.06701692135482,2528.704475423326,1705.591692209225,371.21954371601487,10.385162129075065,40.28392441432166,26.070335947083343
258.60061259198676,3307.3928347670108,130.0628787083319,975.2661645960692,24.030523281493245,79.7153400969704,30.871581116931573
490.72617180454756,2727.9669083908802,2471.0994681296424,551.7745288212702,7.394092906717519,45.04357805890034,48.421313140332565
945.439980298621,1265.3933859207766,630.4362797108753,757.1788419853125,46.87387309924248,83.89941347931466,48.050009051038074
747.4390284728722,4159.635046512786,2368.8071370552384,328.28079470924376,25.025122072346896,4.75293213607374,61.11017386503511
254.48156077019232,4853.668905067378,2130.229160110096,722.1456748284959,88.60460444448763,46.97228641447639,51.71851340380825
866.5830767479531,2350.06086889112,2908.000486576314,966.5193861411339,51.71286202201464,78.70753721294209,65.75273943768097
409.29049685919705,3216.004399427343,2898.458939703852,364.1832813792327,23.33684487292863,67.47222176539506,45.196260207512026
859.1360736148927,3973.0250148933055,859.5113427344918,999.0688403876748,45.12703299049414,85.2825537140467,66.16377249820277
279.6146180820744,1283.2963970467906,2311.0262646090846,642.0258515213494,19.599427214042432,27.383472390957508,38.952151102632456
637.7275813395017,4335.806871451048,984.7225030507756,751.1054983400766,17.872937592491844,50.08507962880486,58.073190567114665
930.3369636772178,1472.984436018988,1906.133919547303,259.64556645966843,30.0656470133444,67.68785783422281,46.526249611657
294.99930869040446,3901.57093722467,1813.3509506160497,646.6598614854692,10.830146476894676,16.84899561587876,45.83984998345679
708.2802610565622,649.2862388894681,210.90337108243574,515.8961889477636,18.864753691089064,81.58067146770371,28.190081980632662
987.9469889592866,1513.0948467294315,65.28616201430485,956.8386190226616,93.8046872995422,31.14700507909728,50.46900212420038
193.06837288085333,2714.7376763053517,220.40384305468805,905.6282973116203,66.6802634697462,9.330730391569475,28.591871810627257
133.98217616564068,2672.1182689511443,427.42904021863626,402.70587293582645,92.11026634572657,76.57012906819605,16.970994111996298
690.4854328225754,4267.112803983195,810.0748494759324,947.4010540228511,25.684694146778376,70.50179797319802,59.606120378067615
372.74915036157887,4981.023562429175,2725.517908565559,885.9644272225096,85.70133358009238,88.36797532844392,51.2056569755299
117.68225349826156,625.3331447146891,1579.9663922727248,594.4800118654479,36.22728068539839,89.20747454371241,14.631485802599306
501.54033698942396,1429.8018508426815,2400.830629580327,91.29672970164488,14.419498112248563,27.85257845815775,34.69580117666093
766.082145661758,1852.2312300930714,2523.019668716264,169.18233825294234,80.47071000041969,64.13627752178199,43.865196868084325
320.86628039442934,2446.700198269025,2218.0821408420966,86.10550222706222,5.965013186275014,99.9122996171992,29.31722140324759
368.294533629878,2520.1577414565554,1204.5861170406872,116.91318350257042,40.48528389349663,24.38065484610721,29.348133956624366
853.4144306146235,4295.355809427241,2598.385211830899,977.1828506491469,81.93146685116434,47.28766685586181,70.76952826187451
544.0683166484137,3875.740583646989,2239.046772296716,220.04562622399078,61.71849254465093,91.01663646405085,41.65675620081621
850.5953703661485,192.37273728597125,2242.296758044905,693.9460365172564,51.80656953996932,10.307964152659633,47.91077235911773
474.070017536524,2329.6066268576205,2709.6442651384295,640.162975105942,35.363392150358074,92.8249897556195,44.448809292723084
955.3264034820983,3128.561807396035,1816.057243750167,634.8334162044738,7.505583038802022,48.815559456177624,64.08998823690695
668.2548602318499,2355.9383767558147,1609.294568388421,214.6369596000695,99.09719860358987,89.30407885720017,37.294065151788594
160.10392205328696,740.1617545259413,2675.979544911372,583.5531284407634,17.477372672504842,62.13714108268801,28.504151434091412
890.8383388154607,2047.623010084176,1390.6620980843807,629.282966089102,25.53084749760438,67.14355470230782,54.8806073479665
514.8019312892579,2117.112906135707,2444.1335532850867,574.7012634786599,23.591576249461777,77.29857514279932,42.81643418601636
184.55701957425973,1019.808020003818,208.8467633121828,194.30084260292185,90.79414066857031,6.713609198416803,6.702402737574105
195.05562714934968,3805.9048609076717,53.805336146150296,725.8299911039618,76.36883927235304,62.77683390396395,33.23465505756144
703.1572383543783,1674.8633326981362,1608.4628443328527,82.51073029734593,45.73297994393366,92.39372447718588,36.32207474999012
95.00388139301529,2986.0377237862194,267.15508675832166,595.2880117014257,95.54230339518591,95.61237239599569,16.576030409505698
322.2640766681226,2627.077886697961,2930.801889686538,441.8967390773002,5.278338078644174,96.83214440033527,41.285831168748366
182.7982109463747,4399.392688160305,66.22846341740637,257.7837272017429,89.36703812216521,64.5832879267937,27.565269579760177
469.02355813642004,697.8731661279071,2168.5414276710067,809.3150991358774,6.042733568815917,63.3286848124865,43.74199438484078
443.6360833946432,659.8887404419547,767.984852569351,184.13364100546207,39.11306959345637,55.24650667772937,21.33718237578601
545.7826129544131,1571.5663787027772,2904.278415552566,933.6519422989714,5.400487837648971,60.75533591516893,54.82777996489949
315.6545126474037,2212.9533438165918,1175.5478693522937,885.7193780379752,99.89689917576852,61.21179303831607,30.196764887582145
80.44140990926833,1562.8570188854837,130.4861074784022,366.9816716904621,91.43895025006017,4.240826852168866,11.91314431989761
633.6668012084265,3839.6167037366945,129.46050795590907,312.1014015500074,58.47989552462312,8.887128593342087,42.499362294968996
405.0321027382338,1301.8026312355682,1682.4514465878312,146.11181658471313,21.784457399824554,61.94165717642493,27.959190134173916
668.7682488030441,515.3962395839992,2960.8003381422795,917.1645377746163,27.677772519746924,31.42164300384853,55.61835372576795
153.23362226405504,2127.619068432323,2940.3319283848723,631.2565402350393,44.95433660571203,30.142548500990074,37.04165909721653
63.088487529347816,3889.5585118785716,1044.955268253334,41.46574632196912,32.27801824923458,19.34406393149698,22.57732120181247
285.8795354910281,4267.753523575032,1473.9757651072462,515.8894204159943,2.1313905434940716,80.10699694340887,39.182255667782435
483.7199568443496,3693.389756980419,346.3446271035575,94.94095835109304,65.62560081171345,96.43285037206299,34.564512382934545
424.3683754600439,2833.644724648746,1590.4217251756086,578.0131781033133,61.34279040933013,62.775800319663574,40.721977056286406
819.7874275097931,3648.539338570966,1819.1197171924057,513.8721011376043,90.43107032188408,94.54198956064221,55.61048713203501
408.94576198318276,3438.8087229889206,790.6319135533971,92.0175850476948,47.68540401054504,88.38841565103876,29.177549173363793
553.919120622925,1248.3964992257982,1855.7375859497627,817.7019871856052,34.47089617983878,21.79269784330312,45.029844215976766
613.8398128200826,2798.7185717956495,2704.0936175039487,269.6940053946149,51.151718291776696,15.352590117687138,47.25124929032989
70.73982206352102,3875.9857299283167,52.818233599267565,546.069520525032,19.469499089583962,21.158678552861332,29.247543404873504
539.3767080038796,1653.8912431881772,725.3546342084362,642.6484878642291,62.55403518247864,9.620938386557487,33.868217465195414
377.58969642889593,3304.468418912964,669.2627118056175,962.6814882394149,77.00328827901616,58.28791669869587,39.86173599074049
450.21612129909187,2459.2540948421124,415.46429894978974,498.8735759510475,15.346171337569213,28.26500428375629,33.826468200978645
145.27302857048775,2565.478369630598,539.9985775744506,918.1426145650443,31.838321763532917,91.29166947514298,20.08416128586774
793.6795373662129,541.2696851325827,1896.4420088278935,361.30876793422186,86.78009793663986,61.340777322723575,37.114008467331466
945.2840382680964,3364.464109996361,352.94845094439574,858.8628296334949,50.55317486338219,35.961055576873136,57.982069005419476
71.15537959812,4341.866473237148,2228.668246611129,243.46796468190257,53.18366466775467,98.46406319643816,30.886770252467517
621.3041246707805,793.0133113267277,2666.716642147231,710.4049648110636,72.24081970533516,95.31944958918703,41.326662139491596
775.6518639239401,1893.917744860602,2783.4337863261885,97.72587381744654,57.789281522132654,77.86152353092002,49.63775060533487
320.567209217395,338.4705287200916,1997.5186522431175,986.1898531168226,6.957976807381916,79.16836754396348,34.14810129950371
798.1778056200559,245.19624128431641,632.3194113691673,954.3970358637443,80.39617118630358,97.72701315244899,38.568879363446754
650.7372982279862,4949.326633691545,301.6248978427283,447.79150213220396,92.28360372484677,60.04562226399604,49.37000891623991
932.7045006575165,2518.010390701285,734.4736137306488,528.695865810351,5.327723299081222,88.00198493318545,54.350551401317496
981.9545707860842,1842.0431913127072,2887.7736980658756,601.7971136948419,12.124975645755098,6.4827722299990675,67.24976237067708
90.22880829876956,1446.8976754625928,2888.918345164601,282.2871840927733,70.19752022074805,55.40625194543223,23.49549010773579
472.6908729756559,4902.0619602302995,1176.6607075591091,677.726720853111,60.44739325145255,50.25163394683246,53.34686064238527
569.6383981993073,1336.02884905625,1011.0850462377742,701.5763271384708,38.25169989717458,3.7723862220849003,34.028767962482206
189.40607154726985,3655.971139114942,1554.5312176642428,529.8257274020228,53.92486489403714,8.695198532413306,42.72073598595526
369.4715389059936,1490.4146694490757,910.4798698288321,156.26328556036552,70.33385680010588,2.183892401687315,27.628362993198635
988.2650753686387,445.3985762489037,2940.0042323839116,919.994084452684,50.44764618809293,29.401500448644637,61.86658499566804
65.41893352534787,3448.0554111379124,702.6031005725034,123.89463152215913,14.018832463564923,5.351122951627641,20.400360807990094
479.88253494816485,107.99115338633788,1138.9709124391673,632.8804470234063,8.943602913329018,42.31596847608016,32.98680326942629
850.5218906322864,3411.1677066467905,1316.644083315526,112.05771064365756,43.88587351883817,81.27464113729175,47.095473801128186
357.706199583324,1326.8453350501334,418.93886808942835,154.63970204159338,92.28847578488337,61.38298084364827,17.219263241748802
505.80857761739566,3755.910737150356,1179.333238971883,30.332930888540705,55.77791747084938,67.37899122966347,33.469404621058835
979.143458498581,3871.775820018182,2577.3556243008215,369.730443018192,35.82200690178491,3.150668710963589,75.67901838111361
501.1329946519187,3648.125470205936,464.06495429743745,643.1867387778175,90.87061695210355,83.95263602558673,35.40170346284523
174.3752465391741,219.96886319129092,1772.8647549372524,526.3287775355433,38.86321561789381,14.619037938299073,21.46058588052857
99.1354170830715,3548.3094362544653,1249.5795572770494,677.7937597360009,50.91464809343752,30.2650876032487,28.261636140492048
948.145743817951,4951.713508873239,553.0833420464915,678.2686722622433,11.649933062872119,51.67938949333865,67.61359311385924
302.5189426113124,1288.864305775552,86.39168512515718,148.77200655429627,73.74009455193811,92.99934310131584,10.295838148705533
528.8607112363234,1443.7690039041588,856.3627452952056,66.76402938749841,70.03029571437156,99.81491683734627,25.362941937259638
136.16667778547017,4086.2800929446435,232.39543405910567,629.1045590303231,79.4243992859329,78.26606836214098,26.84780778158169
452.4723645230748,885.9443447747948,1161.466990325369,656.6920619254902,32.51913134277634,72.93142237274692,33.49800163403044
933.6002432876179,3336.8600099723026,2440.1190743130696,561.1366977902874,43.60532190661919,52.76823307120318,62.598975235485
527.2923439493915,3799.6292497528343,2173.0715195889566,253.30484166083002,16.834171152719833,66.5627337999162,47.243559254606446
972.5783942122115,282.08724291485015,2844.7819495202125,812.6575648124314,96.45048760964994,14.442417542835372,55.66502772936365
295.89385537552965,2813.4342618996084,1309.695481144354,84.92915534129452,8.607734740788263,26.919612057484933,31.7084742826514
529.3179777187403,2921.798566825826,2138.0141258459657,635.9886714281457,64.90133036748072,98.46428634970846,46.11767798509523
866.554252218859,1586.8701972197916,2012.7580802009597,129.2074205205784,70.52573945651862,97.96150231455384,43.64685232132728
475.8397368260566,4394.088880047834,690.2865943168657,657.9032392688973,15.773647365097965,32.297239466281304,50.20834891642433
315.5130048916801,897.4736245692962,945.5683904363426,423.54852994526146,36.532320583048985,24.10485725715593,25.232821369938463
862.7015952469876,1884.5540765787166,1612.997123523393,720.9220248832946,4.312656676248327,22.95180748174185,54.888259177772184
420.3949954289786,4258.476567021914,2400.1390910674695,61.67028045216533,55.6608257586641,48.48643835041996,44.696590798992524
554.1871265072224,1034.1495073693632,1412.3475666656511,559.5321585955643,99.49381428236241,22.376657979110558,37.94900838240188
977.7007130943883,4124.733268005607,721.8375317178055,153.42911989127882,42.98849568221589,64.84966325506943,51.161925889956564
227.1591300180707,487.438969102983,2980.7237863270907,685.557815294369,99.00082203729364,7.481981135393523,31.473130285986333
336.3306048841764,2497.222429230951,390.957478743322,128.7560749985656,12.62254238089625,10.367722241922673,28.686248049500378
79.51612006634795,469.1202459839467,2869.8722770994173,82.84748972240656,39.245434326779574,27.69342749358006,21.026762016236322
422.2458244145501,3421.72756680142,2436.686550869942,715.9915702017764,90.19649700484719,77.74432333784283,48.22862431198373
240.17425905561657,3973.947296372441,2524.7358819581627,72.8966152225995,87.66954816574722,32.3289539042012,36.243828938837936
696.0331886374968,4264.306886409334,2395.0068701199234,232.2855097522009,32.35915778697842,47.08167822838516,58.24515421924858
222.25538582755976,4908.185028645545,664.1042768486349,826.4878451544154,67.86105837683316,65.66220460091814,39.5239449734608
691.0721147855762,3392.8770392679753,1916.1180133159633,811.591424730144,88.61601715577908,78.85399219729739,53.56295000281883
300.3016567798518,3868.4033778160997,2282.4119467302485,855.5845002029682,76.68774661532277,30.710902122465267,45.38921257692668
387.4569424151398,2578.215563774514,2249.773086699872,332.83889069282657,62.84761969329175,73.09694111642222,39.61386534266908
381.4176194440776,4572.410815787518,851.1178431050289,532.7675484627072,15.257561456002255,28.60674043513326,47.390951404766405
730.9141626554289,3254.4160727773665,584.3021939028602,775.6138790800904,7.300269257056346,64.44662083666057,50.53216955704512
493.1837999814259,4429.401890631583,1017.9628025479201,145.61565986096966,61.462217981656096,45.088014079469154,42.03337216676216
393.2339539100489,1253.7148833680162,1465.5412171133057,727.146970423561,50.02756656891081,92.66278193506025,34.03052529539901
859.9915830874774,2534.015125518515,1742.6532038378457,106.51148590070807,23.803665973148437,98.20933862211272,49.46204992722703
593.3530943591426,3676.1127132126394,2519.0035688415232,914.118102540599,29.276979495902467,77.41231076902922,57.8011502047872
253.1392802140979,1093.336597357148,2318.650971728617,640.9370806865096,39.20871772014101,91.54643356434318,21.161514259296816
905.0867142364984,1135.5649869836934,2044.6440507162226,498.3722595628583,49.55208521225056,13.65042420241911,52.88300382172736
375.51778123195857,4892.4094279876235,827.2934141811437,489.8819621204926,39.025896908841254,65.44639575479145,41.64907727299255
87.03040866045437,2229.5907676123097,1462.6974718580827,189.54842736646128,38.72916720859666,19.836794157240824,22.97825260762416
519.8702127757302,990.8957193264812,1039.5358286774851,352.45819873010714,11.573281131135293,27.696850497244828,34.04665755754359
167.74115171883392,1724.1730217093793,743.0381296740757,729.8524286639777,86.55904182553432,52.282324121562816,24.996796977589725
276.54312152995544,2047.1431265030355,80.22381313126438,545.5341846458447,60.915408177809425,74.1987269043999,26.10500118224347
759.7553290530406,3153.1177616040836,1051.4128131835373,534.0131420592602,14.610218460201185,72.14940741954779,54.37719752288923
174.21422270750264,4622.771829333987,805.5429897581333,203.2934356001236,42.387440287793574,86.94593419570433,34.19567677201021
816.5970131363339,4934.291372018246,1737.1118645521092,693.4586888341472,41.67159120295455,55.92748521265871,70.90748901244332
940.061923724406,3293.3239186644514,233.790222336951,398.1135620507368,60.06208784891227,92.6342653389574,52.54016774178422
626.2054953875474,3529.6195679088514,848.0328102950932,190.9258050541488,60.886961784933156,88.78885956869932,39.08337988947006
724.8412324216878,1676.9629315132863,182.06999546582526,944.3469040803659,64.52221369797624,84.90574894804904,38.13509712047791
727.9072794120465,4300.07711769887,1942.1828183146363,511.73075939694905,69.79030573438074,22.95201078043493,65.93257566090863
993.1675594069227,1167.211842579543,1726.1591977774433,532.7562810372418,10.335404612901645,53.14479931871966,54.20243613804483
374.4613490915417,621.2651816237411,1045.566068069696,981.558191112658,30.492220057281205,73.6236597043577,34.029652505214656
204.71372368056737,4868.954351478489,484.63707128485424,372.7420757987885,1.7347819172672363,97.61025078445898,33.18112986697153
543.2088731686055,4334.279516420608,2875.863506667769,943.590477716825,45.464151208038295,1.1647273737110275,69.29524501937208
556.5873193401228,1587.8611592368534,1773.9577197964095,697.9761075241252,42.94300778302873,32.711453394509874,36.86416081345565
219.01686388133726,3408.336510267141,2053.3844313876,636.7646764173519,73.43269301794787,34.23502525858485,38.116170699051764
632.4539480444325,2388.389951324678,1617.478822144883,242.07411892305578,16.711694660786115,28.853456978185676,43.27205854231947
63.41849680298277,1683.3282101128073,2429.2730805563046,61.238115663912204,63.14944571255109,81.74242997629452,17.613153712729325
931.2849823315105,1505.1936327254448,2694.321146166958,443.4059999022874,30.66941979301522,4.507143664340408,61.16487179323416
301.3455639301986,766.5344815824418,1178.9961036130078,20.069252375767842,38.19164748096991,35.943475000846334,14.133673021004114
87.58219797068222,2791.658603151612,2085.5746710803014,80.29248566267961,71.92868623714541,71.16846082760352,23.150993704136702
152.8369694011142,2288.3237815757884,728.1680794118711,599.3734881374293,7.154804857357533,40.67397191069835,30.097584159227797
278.23650086565965,2609.7134594697272,1972.9723891280134,727.2271147422972,34.27828889311625,14.406358369224936,46.99066008818983
310.21086017574294,1155.250120649082,1227.5091084308303,176.26884860503418,39.132323013965184,61.08524727590875,22.170900425726213
81.16949952284223,4699.192286788913,70.00571823384963,735.1754085470361,71.57493118516688,52.26102363936188,30.37399094168934
315.3870715840427,3229.0968620196536,2868.807211846731,950.2285683288043,19.922441507070065,98.18388361158688,46.696768501001976
233.294649668808,4508.043221178351,2611.9025593392207,745.7443199189347,94.7412993690463,74.85262191212092,51.04451612038486
409.68988106279267,635.4287135605017,907.9678235207838,786.8680673792826,99.77619527941582,98.6175987845684,25.782814669076547
415.90935048817073,3151.969732695257,2993.3840769869385,703.705454465688,81.89101408200553,18.63526411160017,50.75792514385139
372.0573535727351,4262.362911356389,985.5266399417757,232.49006605020367,29.971250146352812,76.15950092779023,33.39272283302791
361.5276893541688,1721.5118210908865,1403.5903500542706,367.28104273427766,66.38666540728546,55.163821969991666,25.38271137802687
135.24471385418866,1056.2015287663332,2561.2141272145304,949.7742931421191,8.314803169793306,71.25094992012176,34.66727072937179
73.94469976985405,1398.6043984475364,948.5592364177205,664.5984731804175,87.12793157065106,46.75514625078894,18.483288433220185
242.00858514864325,1437.375261074015,1379.093838943125,791.1344865947315,51.59928712602737,21.239081971291697,25.911915926927104
768.8169560457845,2291.2749281253223,2013.4821430136037,969.0076726562305,17.643916631978573,4.57366634651245,63.43814614947056
991.269277273566,1697.2216536187248,434.87928657866325,239.12255130753908,32.741655956170256,83.8288257326695,39.19215247018294
932.0998663044626,1429.2429562691575,1295.9335876405673,328.46980065328796,80.07427444879748,81.48083485866593,46.483692256136614
529.0083877608802,3277.710262185176,962.7593152167981,648.3536363061546,87.02267674270465,16.253973378633635,44.80050328442847
555.2326629890375,359.85862119223384,2046.4842023012131,34.11389904616725,51.97133869344235,64.51808995438405,24.99354075351149
348.85249058405043,1767.7825128846769,451.1097006780968,575.5068865603687,48.03115003106731,73.77337005321614,28.322061380223673
785.2424667057734,3479.7846331083265,736.5578633477653,810.6014957193538,75.07347465532594,55.76249953811906,55.06617076421506
776.5188535360162,961.6637714769291,2148.559801069824,614.3389400858839,82.61896225185549,31.72289030961053,49.53958823097184
852.0587397033223,1182.5465248432706,510.8618906861387,302.43935105714974,76.48468123958206,88.0945902185794,34.79791369368642
900.7293483370402,1083.2664645232956,1294.9568236076748,726.8630425027011,38.44280502342077,64.24406375414307,49.53229424712787
462.63178581403093,104.5379229838841,2152.9981301732255,154.57130843314613,64.19257616093194,72.02175120138504,22.274519946163196
778.5317897018377,2421.4619839747065,2308.1317340685155,895.8257345857315,85.73599082709276,65.2114529502332,57.44401291661801
816.0787923560847,290.8980681390036,329.89947708142194,109.90588073005085,15.176063404741956,72.1288671585088,33.19496434082645
343.0366413728627,1437.4050776970105,2563.3870477874607,864.8562224248104,38.81366851149631,14.506714493444406,41.06015683644505
932.7801318058424,4974.536780500661,2185.718288333401,502.8313334588702,5.661888387526471,92.25943983113135,72.71487142165152
139.6244275076727,4600.141435812469,1050.9190366452756,434.3605334529238,40.88772856873999,28.58107979585016,33.98301595110175
994.5557202051187,1153.8714599660375,2303.218414374208,505.655142969677,77.2282083918649,83.65512230299579,46.46872989448638
781.586182250926,1619.0119163782704,2198.481652754944,208.20424006199198,19.702844342558745,89.33842040969141,44.63263143869113
138.60736005811088,2372.1524531159025,1822.6291181997374,463.1087237632255,54.188715112438366,65.12236066600411,27.732256084811898
673.4181656997506,4237.626378630293,1697.5194615472408,851.2226177396719,3.658573342182714,59.830076208874516,62.56414361531494
82.47044038184715,4032.965112826146,2217.375292253777,802.945689796611,89.76499907316582,10.904821117158104,37.40889934926665
781.6776019719737,718.5830391747827,2997.8167100310907,171.418049146416,82.00046949004513,43.62212260796283,42.99160863394834
809.2617755761025,709.7993569069254,1756.7291354818617,676.6867683477711,52.440919178706594,61.164438464814175,45.79262233549667
622.2897404368753,2141.988044080819,2435.7177216986315,858.268892315771,70.57869959719498,8.186927248277275,51.38247020891939
864.017372320742,4363.467409107483,2245.6074660809695,821.5699127326212,10.39161648688589,11.146201147754397,71.14891128774299
142.98911620411673,4422.216495567961,2574.634785999786,431.3761188642096,84.52094963973705,99.34812551072089,36.635093681158146
312.12764993877255,626.0926634639978,2865.848341083208,57.61191194265467,71.52615310717714,33.22341509625946,25.643196156505482
443.468645513037,2914.0567110312027,619.5954620094049,931.8577287440116,11.996739672508049,34.97324872911639,45.86066679871826
90.33505518669337,862.8084659130533,538.1059273655931,401.92626468958133,98.06892851187776,25.1529150599892,7.832008195092675
475.8052831926079,3462.0336190136354,1779.7378938239576,367.36687088378034,2.2530444206446676,64.6019769494277,45.37210718323734
301.95278330693765,4590.522914851642,1375.420435515188,761.9197950340248,62.85108625927735,47.30758868067968,48.536743359778406
423.0982614966653,2328.369533130409,1733.6319441115493,271.33249333710233,17.175499674081674,79.04309573735043,31.445839894910964
453.84750039269113,507.1055959910523,2404.2260667322503,836.400443935619,71.92576492195367,51.24948318557868,36.986453501126356
885.4411468133009,2938.345559883273,2798.557716145277,85.29104521112248,7.040625396877898,1.5415980283715713,63.874313475939815
306.82392200125713,2101.731683665688,1281.3766843357464,743.3040887090488,8.110088284311612,48.26873903267956,32.7976686866026
899.0559722804585,4073.403886436405,2167.901304353692,966.1315955371163,46.629174056313225,5.518729059477456,77.44687948865752
454.67241657220677,1767.6878732393,630.5576041321576,995.8111089054318,99.4009465401913,82.67863804814273,37.785918001855265
361.4173346592867,4386.9962823156875,1626.9282505958445,924.5663164635247,27.65162397706512,11.365808498470065,54.0813386878816
527.3864468683887,1441.1319974104458,114.32409445253377,872.0547813522463,61.25281607565226,21.695401496581578,34.311695393839805
446.85612204469766,871.8364158545611,1536.064173042636,286.0914222131529,51.859907437423544,45.996524279482884,29.660753010951275
294.50369740238875,1601.7538488610417,1658.7425544202247,966.9818790034664,84.21196096504376,19.51840554004145,35.46299534771387
527.5453585562635,271.0873799314579,2219.563740546077,928.6176278762093,28.858960770516017,53.92199601970316,34.82474297875135
194.2116464248897,1478.1052376837824,1965.9801311106255,539.0287819549347,55.49443807114862,46.06984244467053,26.778065685652297
384.3334458718178,3334.5764060219503,1107.2703662021145,408.0568778497428,95.06235151051808,95.25226109172888,33.44203692475414
587.500708405386,797.1865949273024,66.9061571037079,118.17458102260635,33.258580833605755,8.837356332461365,26.40102004533547
442.73783217036566,645.688366654281,390.6833271876993,594.7277370468736,43.9405581310181,57.67320482685504,22.31633759110234
832.7167429982567,748.687927146317,2920.5289278764844,703.5404890369757,88.88133145036714,72.03996096439838,49.323710196187825
293.88567345840795,480.0032038811852,2770.882817030152,409.95661734971367,33.249885723445786,12.762700905585634,32.83141676477585
971.2829998894596,4385.713518030404,1009.0248310893787,411.96926502422656,38.06737646338155,63.64621277574015,61.912459701603936
795.4859198087838,4726.164065932988,813.6161727754687,577.5782768071608,30.411880887769826,86.42390541698262,54.540948238817236
969.2133746975986,328.14964347105274,1337.4280663856105,37.50625494809018,80.95313753250728,78.7555643428156,37.92161041820542
846.2297270887889,3824.3517295633474,2085.323087355615,958.2872374228815,93.03869704377799,93.5170690429058,63.67765723376833
184.99872955906054,3712.043558914269,1102.6416343410224,297.00665002574226,63.109888066690566,72.05856967409449,30.973105307143907
550.1370861032631,4984.856180589198,248.51685080690885,149.4819531511913,62.36301312596525,39.39868296723175,39.08716592353638
211.47959513599642,1804.566242433234,1238.2455227109692,15.433512173244496,39.00036197131751,92.04513845908109,15.992605447586913
827.3159849958945,1498.9940592830394,818.7375337202242,858.3226259718562,1.2483749571496672,22.535676761480072,53.50469430271206
604.9540417241311,2320.1023919681534,1008.5435330730747,864.5753020416724,17.39375988235733,58.37022785250142,46.77918907568041
300.27684863906046,4297.218368031034,530.723875072548,104.35353847253302,14.743835459023447,76.56579450946694,28.691706990746013
933.1190234068127,3670.108848435704,1993.57820486466,160.718889859913,11.588200281303674,87.22811669954791,52.48056031748759
159.42675064854765,2410.9566884407636,1603.5612530734136,453.42320894519025,65.40473160533952,91.65421310939101,28.409089702469775
585.6692832977483,1298.3579321007787,849.0461960212951,193.84713133565245,13.634895237379762,8.497564948236313,33.65662502153885
734.9885269333892,3662.3771322150183,1683.894319853412,738.4629254683894,8.563395253671924,72.60591694541951,62.39143660705988
105.90611046581019,4287.181653406761,1503.4881491433523,67.45934824866512,38.25815065618582,20.410429344101544,33.06019685117065
617.9632315458934,2059.761032230705,2398.1258268697825,554.2122390620074,24.902266296789854,77.91194414868502,48.58273752856401
825.1061546899394,3376.068684522823,2870.1535945535948,388.9636494627651,14.586054563588224,70.06897319336089,60.90818677575631
114.15094869715071,2061.038903765331,435.47800148703504,470.29701885532904,14.612787555856798,18.13523586003103,23.11933915679547
536.6308225512958,2444.617846893276,2657.5447627785497,430.5095465186457,25.62057067827658,83.28301724195283,48.8866980053495
295.629319241303,2672.0608617790767,2129.150967940461,161.62759070930713,53.68497633760414,46.17888040185616,31.991833666394275
679.7782289600748,3901.056488709162,2093.032958628819,228.07867045547667,75.80956000912514,54.38561519010436,55.42835915816118
162.74349872490265,4889.779322231762,1154.1876465702933,74.15962192132233,85.27766432521395,97.14037535434667,24.158794928056526
940.1988591369816,2277.3941969273387,1064.529176621517,124.13271954608052,75.14178497388502,65.6625587519299,40.42107901628298
899.9921526289952,1777.343530613269,66.63648022642506,978.1158741947257,62.82132597041708,58.85631450247774,51.77766952178794
226.67569888192372,1930.5959317147174,2947.504380180058,286.9889435604794,90.76245775194832,1.6762772363767664,29.960191083029947
357.10259014684937,756.05643993839,1839.1922055004939,313.9552839461686,51.97368027342506,19.921483509393955,31.697747253457674
608.2532259203908,1554.9998153068414,1236.86944057558,135.83526712779985,63.33568408536914,2.6565421049937754,37.329480312106995
732.1592198025379,523.5923250171505,1654.1180245819269,757.612562451784,41.16205503318684,33.33124257161495,48.12257676451599
470.5232144022453,2196.6818895783113,169.55475058397425,924.9013820854092,32.738420088074605,34.450835302732386,41.02464443050893
198.4767558629263,920.0506196241396,562.2703181104231,791.8530316959844,33.17117794612534,53.0330070391844,19.621918310873774
148.943919112728,1797.3930552746026,1888.9117786420375,616.4896711398301,14.831728171229274,68.97684469925173,24.553123761764102
999.7770700686267,3988.5309720188707,1567.0721025666792,815.1005864544704,79.65976506738514,17.934517189631315,73.85524418226848
482.5845153713129,1305.0454878867665,2371.8707276365176,410.1879306035298,5.536808433354379,60.16544208097424,34.393825033918745
878.9051616910733,3098.2836445761377,1993.2909368137443,860.9023815298806,67.468524376452,91.6976274528907,65.13699591693687
508.2572043976587,4515.788954318203,1824.2352441391922,800.5336611418002,86.44601928370358,18.50078561592079,57.9238247189242
926.2397566187032,2877.9530164447797,2455.0338277006745,11.70739781375583,49.74283469853672,65.90880302653639,53.2857231487843
133.37141363297306,1049.583802584822,251.37616137810684,492.91619356834184,7.020078184155021,4.558914125190738,19.09271179586482
158.31823176782342,1789.3543504331763,2088.1160494722917,271.9704103184339,42.84174616368909,53.11476342911242,25.37344812516034
933.150578338013,2992.8091152019238,2160.9926042025954,95.37058720401852,34.322660288234985,74.15392571057797,53.92998237550499
950.1183927925457,2582.394584823282,861.7324715560325,847.734082320297,98.55393192994308,3.4041781190143006,61.657102849290546
348.98157509209517,828.2371977568286,627.1664276378135,17.870187458111083,69.12652016189443,33.366539114253435,18.11327525475965
387.40664264417825,2289.302088983788,680.8648025951976,732.8618670348067,72.135980482892,87.79569853919892,31.79555925941107
479.8277230930201,2761.026805060217,634.5155471243829,988.3101997872143,51.582691896223096,22.54797958000386,43.3898155254248
445.35359606392626,1409.930300842105,1595.157463165604,487.19956903917335,70.94142544420964,72.28745543956964,34.024249284685325
230.54295516161685,3100.9830251652743,450.097618529194,377.5281246420203,72.25709767221682,61.22382739274948,19.756881315163874
903.4566147424058,443.7844874775283,1994.8932911870838,609.7746249299663,6.635888074610485,16.36876659594949,52.920488567257074
290.64222067036155,1749.3744644710323,359.98086389887015,806.6508493711955,22.260652447727036,74.17075139818313,29.84638468410689
720.008789003769,4040.956480610115,129.3244389152558,247.84947383752606,1.2967555428886057,53.20809930321977,44.973331991071205
113.79789384822423,1370.4955244499615,991.9062152153198,258.1944148620008,50.98074059285719,11.20258007262832,18.993148891264106
86.813764952008,3065.3665650150833,615.9861850124711,611.1062339459784,87.57998548360266,94.93714032652699,21.42001808884968
671.0439489480746,2109.1455971805285,2966.553063459743,940.4810226457623,60.95545346953284,49.196202914353414,56.10041373200328
372.06506469459737,1650.6546978347092,943.8390868207913,305.4555760011758,50.02075278077094,74.50808348030031,26.75819636371167
672.6864230840013,4589.045270759131,705.0890537752656,382.98711659672296,92.596584761064,21.77002655257355,47.32696154213663
139.32014206038883,1781.9824185938792,630.470979322683,993.3999684456867,17.22185110217539,13.718320940435213,32.46544622766089
952.3588109200701,1259.71191728639,1152.8660691702964,184.45994355445063,7.460430815768571,74.13067761299187,39.126926511816485
761.0887435484407,4555.576446637326,1837.2542412281546,86.19848669155103,91.73057364097177,67.38241785583821,52.653848305883585
882.4538713745093,3755.127344085493,2356.738561386533,593.8576864918,90.27817549188133,27.41076877038925,64.57824300026516
179.64702634228536,3440.818597121167,1125.4999308420518,34.02431853741667,68.29724862129495,74.62834355157155,21.134084314049606
354.1529204482259,342.7212161276915,1896.6143911262286,188.62889896207446,24.5979162096052,50.49922610185026,23.64066879053838
399.9269559960269,742.9043075073015,1472.076699924193,625.9870888835634,96.97640247043708,34.85972566474062,27.671423100093506
560.3140159104776,3227.865822667348,2547.1612714475255,662.9172766844197,76.53463518038266,78.68918174796605,53.30543339955381
332.0250612320436,1126.220898978675,1728.6732426173837,515.3209971511435,67.38945835846691,61.678274754220794,28.57215362474317
107.59920507993486,1205.6261295887596,905.1804320433454,389.91056576708945,22.29113240154478,50.72683659719965,17.649500604713246
400.4344617005972,3917.778725183692,2125.582408675855,580.4356085776299,51.30891716331156,77.3107096750963,47.237217624463185
291.82184889591804,1501.032249301019,2469.1902396678374,646.9518955029064,82.25762412969998,54.48283598060093,31.751716441862353
416.62522689005414,450.7777805443884,1423.0499374536969,805.4472258287342,86.02602247322861,93.85344329335886,26.284247755304712
237.11156548902494,278.5165418183194,2962.231854702841,794.8233199277489,56.1430115801268,81.80556927874774,30.148107131246398
298.8015558364987,2271.57213750191,2643.3357936143743,668.1527578597984,52.27938437192642,35.818757274019696,40.2165796776907
645.6047234106553,3123.9300306547657,631.0162755131998,895.290257396181,69.76838283076405,46.49192505462585,51.76586739296847
418.7461428491618,4357.537643619834,2370.9298228609,839.6450010594646,52.824884431247284,95.73330686953884,53.69884325683637
378.1142235110175,642.9415356599325,1822.80617083181,141.91354813576078,41.768103806566096,89.52043947939167,22.06692893264567
557.2103510862543,1063.6968488126518,1627.6933285331122,957.1126469102485,8.541901142438867,19.118553763431144,42.42627029836903
783.2675138017295,2696.0229934466083,1566.1188304097268,892.8248792947412,12.604967571558012,27.43038328233488,62.47375342921961
409.92455853055935,1884.1309749856778,2567.5628712081657,327.7179077128802,76.02754682006673,36.4420519361972,34.445183473232944
608.1435179280486,2464.4335111029236,1852.0747272651731,29.982574420969062,2.4664064624268067,87.98490361439039,36.188103476054074
967.8924940997674,4628.210780022656,1636.2326559085143,607.9361872907047,5.230502579760865,92.74173118952642,73.53435061682534
545.8811084121481,2769.9691039369673,194.13672493624478,444.03340109772415,90.46435780864176,80.23402408025993,33.796003666893505
914.3076976916673,2134.0909919991723,1372.4934657877443,752.0709959602706,70.39971134546849,27.570844606026213,58.35896814720171
803.9889930436055,4948.25554282875,2728.7226080342475,529.3537668635363,0.42127219141461225,88.70648066352315,71.14466482831561
105.78274756764222,419.5567825077279,2149.623351566626,85.72553089843731,31.204337435487272,3.2881125940698475,15.876680307478669
457.643927895794,4667.355897018742,200.3142352656526,252.2405460522281,76.33184605955448,42.28034808905181,37.50987660098722
713.4024874751588,2558.143026120867,2657.7772323455747,883.6985185652643,41.76007999772556,37.76286323317376,62.27579443453845
987.3763168257899,2568.406055058977,2488.6683030623094,47.3127987578996,46.87978228581117,53.52396059045738,58.36434532265989
485.45747660343693,4617.625237595726,1662.7184241301075,739.3029727043041,45.87990610460554,56.06405572348289,54.21461711909499
138.14618142040246,2585.8875000060407,116.09612228773037,299.024072871918,20.213440325904063,22.540448684345893,25.87405826550122
583.9087159772245,2248.194743597729,1709.1673731997118,458.1134050120721,72.1391437898261,20.455570278575617,41.972284640674026
170.2356025177623,1435.194101374275,211.037697282957,535.6953775924925,10.300633052136964,80.35665917921551,14.206950021502667
763.9435822654237,3328.202157405362,995.1179309305672,257.58054373412904,50.72511055466711,7.619679783984356,44.997287607563884
532.293147588689,2891.260945800832,1905.2833757630797,655.4408385676861,16.995582745936176,49.328604386204546,44.90894657563359
737.2597999584221,1150.292641044137,2743.0935974524145,696.5077959168974,4.6532809577156,19.164640659767894,53.49321556747558
875.8937355345976,3576.123283800491,1105.4971299154622,94.20888487406735,14.32438844471683,31.95672251209777,52.583415484779
647.5006163046382,3256.0256009495383,2587.0701595061873,380.1878050929064,86.93349363117417,27.729441917200816,53.55416976611556
631.8173627905225,2046.93603261205,2759.164980681523,746.9335281942286,17.614766478046118,70.85222259472039,52.853246145276835
766.8417806676497,121.5645173273978,112.07944734907723,724.4211842427205,27.83692090123505,45.60206032945494,37.310478435441894
850.332251380034,2288.24763586332,756.3121213699679,549.1573104661867,13.80947882204062,29.944183444610374,51.146336209684954
875.6010969631526,129.68477393823346,2144.0937827211214,779.898032069334,73.55451016577587,83.13519979802051,45.91271972517446
84.60868589873914,467.4925975652953,2282.686977084668,116.56844410944483,44.544916725650154,8.579514129080202,14.360719813589723
578.3807819578999,2209.988522156087,1207.6297081403095,127.02915516608476,94.3635038645071,76.63606454736403,34.243348577900726
255.45584430767386,501.4074325081057,1987.426107679922,660.9144072933814,66.43245822479024,24.831275790029782,22.906940918923453
867.3285962426942,1450.7606255571145,1855.8679212180036,696.4005292161776,53.13892204867717,91.80192226267826,50.84188505182949
665.9778009431931,3311.907705938945,2232.336136723127,816.3815867678595,65.66309316281679,0.5559085369548855,59.511089808478346
449.21135508081625,1612.2151787861533,2170.042361848109,189.22650899552448,4.042538320966416,55.66633373593394,36.44102565684898
228.69901671528373,4988.478111195401,303.31885407156597,521.6039428367941,95.06602601286905,62.226498402759375,34.37080983025063
372.07244462383517,4589.879966183407,516.8380337731797,664.2229841642265,95.6429610417248,57.730033264690036,40.87242987279956
718.5888098132133,2968.018532469066,441.5450844149822,231.46257809072492,27.613986855552962,81.50152921990124,39.54799023969659
244.14156795105686,4838.040979311159,2800.816206036316,521.7585869380508,62.82954827431336,11.216400808381122,54.3464631652904
138.9037980714541,4353.284742719358,2744.9508126413184,642.0605741466901,20.19152441398746,41.55560042925842,46.90237779199306
893.6273203161735,1662.6027423183864,2402.3661953110613,222.30501636290353,54.74717946004589,86.37367730199736,52.804461335588385
775.999832101111,3773.021605328016,394.31975399408,381.80777614763997,77.07892391243934,88.8735288528991,46.10681262816588
239.80518412522596,770.475741619342,1744.1008362627783,224.1754220343509,93.98217248053922,49.83444032387655,17.192264626081304
327.6959662584921,3454.3019794558313,602.3303469650617,903.9134753843127,33.92169232656719,55.79668938700798,40.46198609660153
973.4666682743415,2506.300949823444,1136.7326157984674,244.43089311069184,69.35052630427614,76.39084404899006,50.076513345921526
722.7752624211615,182.44710233884112,837.9192660803682,129.626279725939,71.64271143471794,77.96103942986416,23.39218924722866
629.9959040031335,1443.7261297128166,2495.3463953880246,44.803758411872245,22.114880116474122,88.80812995058609,37.23548113603654
342.24706115292383,4781.372865280818,476.131628581856,54.50393768723667,62.90321314933922,84.38573991830431,31.739623556861623
334.16888695819614,1647.5742769335554,1956.2285473997235,199.67037261714876,65.54212891877766,41.442331286429436,28.173876992363112
87.54743775571895,989.1268309770593,2952.489258139692,612.1264261938828,76.40761063460343,64.97533264716566,25.760065811508092
742.0577735568348,1018.9040882038208,2076.811020598219,27.47337576601143,99.99472574545337,48.323525786173406,35.451772878868034
91.01646380404031,2448.14499674555,283.73879257053113,293.8764855095757,4.023236942648056,11.796146642013172,20.69943514856562
54.614470888415084,4228.981279285621,2728.1560307894483,67.58522241006634,20.23050436775581,82.16809200050626,36.5134002800812
743.0203334679302,3814.208649153398,1947.0850491843087,409.62218259617595,14.507843191974068,60.17635297005067,58.2787251343637
951.430069291669,2240.574836935094,1396.1173898353504,58.09097045155903,15.443405242070252,5.800520380591257,57.807647555599274
768.6778953409449,1122.7617288411068,1996.0928116962998,611.4663588546197,45.4248660621965,67.68682790089726,46.139038245699396
498.05818109315976,325.71801050073645,2643.1807748942792,691.5400228638251,87.85365566129374,28.310103589710177,39.238725876780784
511.74298708282936,2366.8885654653823,1457.5253223499853,734.0241741473259,44.872326906775506,6.926520871668074,43.63837118932687
464.3296015166501,4092.399207739139,1617.3983742960763,232.09996465979253,66.84803978344132,60.65889146836446,45.40865000884368
358.41148375481697,3675.4417686121374,1384.7198276929628,869.8151603421259,37.64991425302191,73.22086541292435,43.58818849284249
545.6285034765482,2102.1437613735266,264.1447076548124,693.3852856576171,31.966331531111514,51.728429432149206,38.284176248412344
459.5934092840593,3014.0430923962413,2371.8568744357076,66.08371710682219,83.42351848290423,0.5648273570092455,39.14603961979816
618.259486038736,2237.6079526364665,422.91464374342485,446.35904161441283,65.55475101184196,57.68827369426034,36.6049488749585
903.2140764760397,2937.178937971871,1213.9815303505154,770.0789284387564,35.089528808253604,0.6609075317959956,61.54496653567345
995.2589464576198,2635.775697528391,1191.127394542801,317.78498745302744,91.41602612471648,92.64083012971179,47.55937835064361
124.80612538877126,3436.736340613279,876.1203366558769,387.74318616819215,49.85115651176447,26.730515772505203,27.240581228767706
415.4492990282743,2587.7733333123074,1237.3960213885343,633.3077890235775,18.827474729928852,87.10066034970242,41.723732631220024
221.670885978469,4708.993891021037,1873.1268756281643,64.92607131473882,48.32218624676812,1.210928861687055,40.33451082805361
384.514450229257,2197.3380897502625,968.5925710127497,967.2656901028382,67.46994379334758,9.721651049217028,36.71493959655556
323.0993676210019,177.98988489458353,558.9102162099155,182.73620050363058,36.71125892561623,45.140830460265704,16.37987366361807
215.8102750454489,1258.2303235040242,2614.634155996436,36.40527964979772,84.37847362753934,75.8607379052669,17.223015191381467
775.8722507502259,2552.9736047226143,2913.9563170785495,15.269752220016052,53.31439806061009,94.25617005006367,49.19909448317565
521.4743056877741,2748.8020742544436,1402.8222804351458,405.55883124940175,46.77647799344663,52.10948151684298,41.53171983473635
923.2833031063644,2806.6854676290623,1014.7081514165282,885.4108318206239,85.87114232637187,35.54607136665962,60.17296166223689
80.96282108466377,3601.3052815234023,190.0721294457765,821.5644584257496,46.2917806466153,4.455453991718105,36.20966385269915
113.62911247539043,1445.7758988258868,158.71204479965675,912.9253402671981,41.44101418508165,58.370947173871166,18.63113837857167
433.1099037838269,3358.028027303238,1209.001887153936,538.4444961356099,10.371639533349597,38.004376449853375,45.17884978731089
126.26345438383527,3549.7581382841427,2794.213953987849,454.25877153641267,36.24918788569652,90.91334846750408,39.74380765126131
299.59311659409184,2115.2756878420487,2205.590203034615,392.00236634572656,39.70483005630817,48.00592228400007,31.97623215928484
986.7282559227924,2070.628585816978,1080.3447856687862,55.9538950333928,18.06223192244898,76.54469831297759,44.534933777168625
248.51162711038336,976.7314497166038,2905.7369542870797,910.426043742102,58.78232017131677,84.82105282148957,33.86850212844196
238.21185434148617,2128.538143651331,1314.8358146044056,501.2143313618802,14.38420705503477,9.827761167775428,32.67373384207357
594.9586353559237,3955.399829364361,866.5385947252048,460.51675674099505,22.3689788603891,44.084630775624476,44.992124542317015
523.0983762534988,4553.967727194431,1307.7420719368538,520.0158121439762,56.10919857251406,89.3717431012312,49.52168724014705
601.4163823427026,3008.7046374580304,674.0525196023067,796.2129729330585,26.898356472473704,42.445529831969154,44.4183925917057
407.8985142981194,1566.9146824360641,2662.6343720923473,232.2263751227383,63.966831012835335,56.51542769673854,36.11680302895723
835.4242419001997,3443.219621432684,1115.4612657321863,712.801672204974,69.05131329207045,87.31039472988476,56.1916096545335
181.6515238703397,3726.716422610419,1991.0084452582482,713.6620434454926,30.12904106066503,23.259358668979267,47.764788020344405
456.97301354939236,1727.8426160252454,1197.6892365401325,851.0572544356011,8.738768149671994,89.45816628234634,40.14968623351196
705.2737560218827,4150.084521298779,2710.107682993689,18.596762479231312,48.945183382891834,39.702842118961534,54.07019151652156
874.8246182687548,461.10957747786637,1945.0232175611088,178.69158780278073,9.289842009181715,59.30333286590651,39.903547849844436
401.0930260389198,152.69321624012508,1490.3430763298334,476.33638352430796,51.523568152386815,32.80394820658532,25.779334954322653
589.3583191390651,702.5567858970577,439.82175908494855,852.0349835868636,72.62178421289602,52.711905375959,32.77764769794282
115.68294775689843,864.4409043547976,2710.6541554140026,965.4656930117042,62.03297914708033,4.928580302250252,36.02363348023766
211.8031337062375,4406.752261443834,1663.1097614017242,598.9199285326073,44.826764121201755,6.525997523876336,41.85703359879419
115.68125434280876,2182.410340884276,890.9062702361816,220.01263566878995,94.58585478975475,41.47227619375855,20.96496494460923
741.4868473985958,1447.1652906548702,2639.8843308592773,192.7388488663992,10.174723308217049,33.49519234335785,50.28181707122632
323.65697028603364,2202.468068335415,210.599260813503,643.0495144464047,88.00015069119313,61.57918102751082,25.05129766087378
737.5580256822459,2034.720374233098,976.5269061222364,217.96845558881057,80.01288726412031,3.791016704380623,44.444651180156434
113.07836509111083,1577.1621731412833,1633.6437835463353,557.5565496816773,41.97385803645845,16.766866973689133,23.480264318701572
869.4204103879092,775.70795381863,1052.4522913277144,836.4638098524631,15.286717190071442,20.959189412579214,50.819151881751026
843.7536882055371,3313.985763672015,1456.3660533676307,395.92145197746913,15.586678577764124,44.04917685298004,53.14898955159273
134.4823058977685,769.3615736203112,829.7329443764024,384.6874678445099,92.18057607427973,24.683476237895274,17.245885839217884
72.56868113432719,3899.579818096104,433.7451182520466,45.77893352216303,23.37046642782601,13.766268580773067,18.917908741142256
103.47437233289162,1088.2712650742226,158.71970891971256,261.5437326403094,87.41157079878286,59.757367378243785,2.8201627417187964
860.9486644893973,3683.7194049532272,515.0573664908186,701.2095450230817,50.32952199302889,74.3871977803222,53.82261153337481
272.968314599301,4047.371917907788,2861.1922163731947,366.7873326808745,46.17346367273666,68.52680667972217,47.16931734166102
570.8596519652792,714.0974478948086,1747.4392433433784,166.71592811702274,61.95112675838207,27.618009522752118,32.69716559787155
454.9319930210539,525.0542646112199,1492.432369569957,114.71005642272384,21.50390828932329,85.4444836366964,22.68841074725541
805.7492499171719,4752.906576202933,1183.7553259518402,104.10284436920182,42.8370674059694,61.18221794274022,56.79242718389567
514.453386397137,2368.9293530876453,2139.8394306509867,662.5420987867162,93.84844388049298,61.466670100742384,42.43355391355406
525.6277986282062,3188.153925367643,466.7154539229753,616.4952640056132,23.825692897874983,21.284845171645728,44.71929385321845
989.6373425249072,213.976156596662,864.5831095753572,523.3357955460641,92.15835588797518,24.221288733615353,46.19047321048358
192.62307891179424,1465.6798847260654,1984.9112530080706,505.323183677548,99.42096966091786,47.47502174381047,23.613264452499752
839.1687418086349,2576.4485073409924,1463.2398755264223,161.60548416099286,5.190718807549677,23.78210310405845,48.62885749254451
99.16225832369055,4442.46973560808,2321.7729899293117,505.5981825124864,53.13791225913715,68.80777364853765,39.95451039713716
503.7663310943222,1430.0531460654438,2696.474039672127,69.33839883437611,17.18192996936886,30.855451225575827,38.75335020848642
892.0180827363723,3898.437467307726,2478.9491445434355,926.599874016661,62.17142559566773,15.191615396134917,73.4145313585518
681.9532673239152,3344.843348467639,593.4127570691594,67.44727846258077,98.95426432148756,15.161385377347248,41.37402486028308
700.9538883978263,664.8267622481503,319.83719480458666,429.2948929449793,89.68808954182059,12.722777871116065,30.272438062131673
300.15141814366126,1537.538346680783,549.8497716078931,10.565345839140509,92.48484616063534,43.97500789663744,14.596592735153724
447.64605179338156,1265.5337785492368,2361.41554022068,788.2889343954121,21.334981331209935,0.304003634762251,45.48118038065954
398.25201032409797,2268.3851791090988,2745.8017140034963,174.50848665027374,54.23195988893015,54.23722883025308,36.922325285794955
545.3710496500945,3213.1377909331627,2780.0741597263795,925.6668576434613,23.483101639495064,29.83029229195504,64.30655873235256
489.11653363648475,2223.7568019916826,929.7365786428145,53.53797038195887,89.94247075776512,55.24788309602147,27.353988068490338
360.5534342831399,1298.2292211838494,2529.007065139997,822.5794612187826,19.115399307424653,93.54254134415832,37.70159117992835
340.20658175261156,3509.8059643185497,1631.8948283151851,660.0714346874323,15.39589124091998,86.90476101834837,43.721727485585674
288.31024707236605,2963.9083640863,2477.2359526272116,257.2383616970316,1.2162631714018768,57.642983993845554,40.734320398968784
396.7948845405205,2644.6381463368907,1667.6762850210032,210.39541313828892,18.194786008662167,41.80703126387251,37.54082205295228
192.44440403735763,2816.656027485294,480.3849983483986,364.10115404325217,18.976284685453283,69.83626710825065,26.038667919347013
878.4990869033951,1187.3131668397355,283.6976756656374,830.1188543436014,7.749018752561165,92.31393326245212,41.80603210976397
622.013422241756,3434.1121993530355,2873.796490167552,863.336982852101,86.77411034131589,48.95470679395497,53.24234556998153
177.0971043141627,1998.7526241399646,1306.1175414731579,183.53252572908252,77.9997808696124,9.930772408531862,24.267371047641895
709.1663674985513,1880.9923166770961,1084.0359024470877,359.9135592874874,25.44814973472568,76.608820042399,41.03896247404162
855.2831445980745,833.6976205071755,1101.0941000665157,245.11647006323133,78.32577033112025,1.0479153894384141,39.26298788718342
275.65888844964593,3024.5029392971874,1167.8565138526424,131.41641916151892,42.21645467967983,76.46384796406737,28.38287208617257
193.07056462040072,3053.055611677882,2837.7406422882973,649.9848936536387,77.55203093481845,8.491660388656996,46.47731470934051
58.18639427706445,1767.4731539659888,234.9785328393688,352.41231300318,32.300765183517356,10.66165743662869,18.720673712380467
94.88782191366086,4313.265278641117,401.2307977777825,233.13020432857078,56.46542264878771,78.1706870011526,26.064253163509065
774.138780888336,4242.743703705599,2379.471970671455,867.3377957669564,38.16105419541685,68.95217048954053,65.64352732315189
987.8270154396091,634.3661017639134,1670.7579994534092,750.8347515945308,18.767581702346913,56.19031293366379,51.72221558116566
92.63630635246277,3505.688100268599,429.18343598480834,776.023537209379,58.56328840020007,82.05851927101936,21.55987937476368
760.667411125898,2029.7903053066093,151.6574034960923,48.80393227144735,75.0830799977851,85.13685107437632,31.835444048595875
118.26905754891206,4998.602770208175,711.4913274237208,915.9791447387556,75.31071245941489,45.75122556562867,43.14804576585347
612.5261836584834,1202.6157854547967,819.3916762452997,578.9909941944928,35.62894183192435,99.62986870545375,36.44582323807467
768.271518306826,1474.568606530998,91.92843724519386,508.7647766376736,51.8711768405828,35.75799396391073,39.66057764715223
391.2441774043508,2266.3208433230648,687.4670880947205,20.47949256750335,76.37785985850863,17.150776662079824,23.708079283156046
60.38798505513055,1416.7042285352495,2228.0408640095793,898.6855883297636,5.449759452259084,84.59764431198916,27.9045249216124
615.4298845191546,3490.7674952939196,2573.529384429161,548.4515657811406,7.18883333008603,41.55702795593302,55.58759878897506
991.6823967330264,2456.4497496892545,2699.7956978206676,826.90192771713,37.622273997207735,87.44996512286143,66.23146596004602
294.736551696571,1182.3062907627468,1200.246396298453,658.9558511309108,22.34716010289668,6.116634449040403,28.245125149311672
230.01671332785503,2581.2329404841566,992.270491415495,798.7266773757716,37.46460195502203,11.105211150664163,39.86039679384692
167.7295981158392,4455.060055188688,2999.589502213268,696.0024310722243,9.375307985962355,4.027266122396245,49.65776259906558
577.4928389050533,3982.738669565259,2319.554330218687,921.7542633124684,59.20080306752875,60.20109603024101,59.087300163172074
616.6228443922597,2544.261729691423,1635.1886386772853,233.2293444761542,67.17405059943545,83.18641811164996,33.618922093583485
802.6572953118822,1513.6137553955436,801.57572643372,210.0791036855781,79.18405078939062,40.266078360867176,37.589019996078136
765.4196099394842,981.4436770423862,997.8510860110589,715.4161463256708,65.05229380753269,9.069544967102372,43.70535114490966
897.9144200553328,4404.076098215788,1570.3248290466922,506.3808525776343,39.638139500607586,37.34688274309534,64.15349513062955
815.4840634251863,3579.818008443612,1649.1446133827144,603.1695586315213,93.49282248178577,34.804613233972994,54.987468757622906
284.90372892547225,2903.6001854225465,90.35200060734957,711.4570444993147,72.63320160279905,64.34719247641148,28.770381995039244
578.0835346319731,4409.229765172975,2880.2302515508495,551.9539150300026,52.76812458267756,65.21516287963338,57.69921592303709
332.541361138901,696.2824081330385,1748.0384296871123,789.8165131895342,20.68504083355922,10.302371725135306,33.8162591754539
363.2961105739273,3444.1975014101345,1788.0168210069432,325.67868237649395,64.89749867362157,42.01767775255274,43.30943190130652
935.3471507684965,1161.8903308248366,673.8398445737666,860.4005391636952,59.172052508595606,64.25145268187654,49.08107702155363
697.8011098137199,690.8294609783363,2306.712177463681,116.59958939634473,68.33299989375465,25.886120919003474,37.78095285593263
975.8608925885505,2381.4816990339723,2224.930334270936,637.663937191575,78.11247653083012,40.70802865284776,59.649963266612296
446.0669098828073,1998.225355845333,330.716021544054,891.2311824515297,91.5049618978224,61.36949316450189,31.020704942315014
560.5656946862778,4711.750685693409,1805.2333981667648,260.1671866226876,94.90565913581457,40.287070124490185,49.29019678602405
512.7596489206006,1687.4997790839004,1991.6715487231456,333.5663281746738,63.01855021255962,3.0860971565567885,44.300521917551094
151.92270464754057,4093.021069354812,2514.926114992938,312.3873607078115,96.59560357533434,22.261599542950584,36.381411601870695
274.8668948002732,3769.252302294889,657.9689778072465,568.6210746572834,91.14223990005675,77.60809144655238,32.75184177946109
551.254542574258,3372.826963286828,2639.0226505788974,418.743097409497,0.2614357015221058,24.850407875003068,52.3077150540175
114.00558987635593,4609.962317504292,1411.3691615374073,116.87969214495335,63.76174662460078,81.7711446064614,21.685223765497764
934.8888328434448,2098.830512468576,334.74467695165214,892.3743495388954,17.846940983406355,46.690782570182385,53.073135832196584
167.65149784620226,2009.3888113160417,361.582603457084,212.62986286708738,29.51926544584984,47.2921137197278,23.02331230159454
238.08170909606176,888.642375549396,633.5231383358503,538.7392108786444,29.750019973558885,77.05162153313778,20.173169212445142
777.0551627417047,1451.2341699258388,884.1145826566601,598.8568469778888,48.31296396371074,38.32935130158951,47.62672190290911
142.08781469984802,4410.904634698267,1514.397123156409,50.34432521106628,1.0866177993366422,23.848059215237093,33.23870774387542
905.2641946346389,2424.472451265703,2258.8160333464516,104.75520437779386,23.57964080246565,10.503237671743316,49.07579561783795
739.4159221864088,1772.6312787344812,600.8414109573253,971.9728133252561,2.912095695983663,67.19098761687681,46.049586250563046
115.18981425341596,1158.9490699026385,2978.322793773633,667.8672167478886,65.05585657192378,46.99425397928834,30.126067443519055
707.2547082213703,2476.3052261937137,526.4896987224222,43.22952527596265,88.92875786928332,80.94068807001268,32.5168946468444
650.0471150627519,3611.6603152761913,1818.165004780335,796.2572284464687,99.77886598319321,45.76747085743064,54.54125772069921
769.4819611029227,1504.7909247396694,2790.3742858204528,513.4573811847107,44.855689178209744,41.481067511484085,50.46709504359808
836.7879598648691,3812.8109519820055,2505.89689748664,84.44757635769085,26.014111029415275,29.88520840747373,61.70215473314266
732.4330350144972,3185.9600961521005,1961.2731449063217,683.9445770673133,85.31035967306923,19.94278729403578,55.114467053451556
606.8674805074234,3959.056556444551,2160.7043405331506,504.3582878097838,11.31585175404728,83.04369446484647,55.45610548425714
356.3401526526888,1329.4571814870703,445.90659878082465,212.870603099814,97.42389810561409,9.521137094676636,19.682851943247766
712.4099787384326,3192.037909191922,78.50600859273229,878.9252493679314,71.48374547182023,90.21277233516459,45.46486558653262
959.1230053992405,853.3028694953254,1330.7389138630997,298.4660597172516,50.393466536741414,2.6909151237350493,44.10904579090158
608.1456915024305,1882.60521260672,314.080832697994,291.7110690987747,9.665053732423335,52.22523352322085,32.48135588600064
681.1276250125412,3649.3644647297265,1105.3700576428319,280.0458459743559,1.8195935709771405,5.832856215108428,56.11525914435717
465.2716400898107,3195.1750893416856,710.0412410307259,769.7812193181607,54.453219748193916,77.96071213096329,43.517730408985415
768.3147692559206,1020.5175541538576,2753.222831023191,709.0574836767267,41.385050744002136,21.149652405911333,55.81981777570264
997.7840227217041,4305.879093253393,2646.16519707377,904.1142286156539,84.26644943620367,56.59225762365355,74.23528105620036
202.36985786434929,361.4198134913912,2465.8814031664747,237.04582738843692,64.23054796934369,91.64461025909443,13.387157425528976
242.28501552857418,3016.5568737315825,2156.1356803212634,788.5009495873803,43.189634649569506,64.92589356124262,43.50641168643097
562.46587073117,4920.720451134871,504.51219085687967,577.315120762815,22.60070601011939,17.831996497391543,55.71247852274123
507.3066273985753,2704.3731860294683,192.68390728749714,315.59281355614115,48.04222088120061,79.66777687549008,30.932532182748922
592.9912952813829,4023.2919178011616,1978.9691806713429,45.09959108367313,16.299427878615656,44.14796068083493,47.49377554653484
96.6203453380594,3016.3867686266003,1944.661504666543,820.758074352599,66.70126624731853,1.3176738342756678,33.43751592891948
434.0626335139265,3937.1327431226637,1139.8016400257188,248.6606577982228,60.572907246576,48.67649701078351,41.01280485378096
603.8293489622828,3312.4112632409074,1444.4256659850114,635.4256058527702,81.00713681262029,81.24846772633403,49.30215350806809
605.9317837397145,3486.5468712338907,1492.9906953020686,553.3792566992145,44.95292722422762,42.995763083361304,48.31082352745058
674.4672636799548,1216.2746403232818,757.7879916021938,14.40504326031604,27.864853302752902,75.84280504799924,26.600861117943865
734.2052275525306,3734.922476507297,976.7915051273784,994.4001936403648,83.63953592357555,70.55258845344052,59.564804370788615
659.4698431738137,1265.7584446552207,1284.2491862573297,816.1860622421275,69.09970814598847,45.691231733828474,40.730065448053594
800.7309976199633,4905.137348198682,1829.3781382391899,491.6065579303152,70.670916405935,32.328258502544735,68.36995249205977
643.522602950362,1216.157235709903,2869.666657751308,683.5379565399593,52.80845714063456,72.65400015621563,46.65972765916132
560.6322794103443,1259.7516176285158,1638.529598081168,481.82829422486486,87.5978614886873,36.89184177383654,34.15007084099062
625.8866074434203,4307.498290370934,2206.9335331524444,747.1404085659435,22.778350747153585,17.008710672865167,63.808713438658316
146.13369841566572,1290.6307236178138,2430.653252066882,142.98526036070515,40.16920253529206,32.08630615279794,21.28652345806781
309.49871368924397,1868.4236881072866,384.8489578602331,451.88748528169003,79.62325716648236,87.68391929280483,23.327302631091328
551.0297916252247,3601.736789777232,1976.7177692841258,342.1818053021314,13.296090196868116,28.33891121373856,52.44381786012975
879.3378546316218,877.8680429543399,1472.2266247505522,465.0586910590945,80.81094930162148,23.496053484473613,47.00809420908996
695.0989784735934,879.451598654761,1738.6712796312818,455.96792633176057,35.25952207308403,13.342007073056216,42.28982042741054
135.8876745483027,2483.156274006433,163.32996051868153,151.66301028140236,12.550369903036696,5.517784456772401,18.219150972275838
612.6612029221842,1294.1140957403616,2723.336422814786,976.7236850019387,7.914948553522905,97.66923541996316,50.87938075283763
260.651088255244,1254.7239822882646,2860.7132412475776,25.33722136024677,84.30287187537343,53.67768272606105,22.11676281801904
747.3157317992868,145.27071495071212,60.271674869604674,19.972215369224855,77.86155456256355,72.96444606206975,23.60853704434073
836.0688098833099,1915.202996869945,677.735196522457,379.70690534832124,28.804134538951644,77.29734468687052,45.12331324130806
613.7834589604747,1659.427717630176,581.5728124414024,624.1725858533493,11.63621892374782,35.231699472047254,39.477808914841965
611.7944792641242,252.66347305068498,2354.8483259755617,187.85669454677895,24.723442603771804,79.8905910161221,29.72132711465439
371.6618710502733,3144.042573246951,1814.3361743798698,537.8620638651195,21.298763569367573,96.14842444200488,43.84773000281139
473.9375201032439,3170.6103918164345,573.1343067253586,725.5442482838441,73.30556516921982,74.17618502405342,39.15732324977725
870.9029361245782,446.92231169092855,2451.214318190638,103.1200029497496,21.55630843569175,71.1733126662779,41.55718625242399
737.1543144187987,1653.50365825632,1092.7508718269578,984.5781839357741,21.609852176762512,43.22337865820201,54.93281667166012
543.7659767110509,4376.7471067774495,1409.5277850646519,343.3336412619014,3.2268132498855406,84.13201258087948,47.47037493804239
399.8207669359524,2952.618634398434,1192.554485695904,645.9912596493765,59.68596883095181,8.883737512334966,40.1836587674825
97.86075137412664,2118.676147658741,1588.0716090016272,119.61265960470995,68.89795482561073,74.96837122419485,15.982841302037231
185.85703126006587,2378.99944947407,1466.4202830447398,712.3915248341132,65.3490468948084,36.19935421428572,28.04912464464875
233.3739300624021,1120.5719727354451,860.0228078542058,842.0517835918611,56.85991561560785,56.597391579779135,25.818311262805764
404.714366095741,4078.219353468847,1302.440310606829,114.23229090731614,96.60749488408352,89.29637698970272,31.580730041953615
946.9364647224609,4578.623056709741,2729.5945920701856,134.60452282636558,47.27385121770882,60.50195599544752,64.88733766014562
529.8957251158113,4562.253807025214,1533.537702613773,288.23694024335543,86.01365081212347,2.558153036246613,47.159183139975994
273.0981550962695,1197.2785192922684,2753.3399107460077,21.81645722157599,64.60099103773388,72.26048455230962,21.32802514912242
150.46263058843837,1622.6273121046388,1672.8747910629957,986.1907813938575,8.4161940687836,92.90245062036394,29.373345912844467
371.39024837281585,887.0515965667303,2318.0110151292683,602.4002342031232,81.00884609760892,64.20119453105593,31.417508677192078
824.944103773504,1605.2855547983345,916.0943634961532,611.51355546391,58.43885416898183,86.14200774595737,43.03462072854247
414.1756537399825,1730.7463234007414,2381.7197956310033,959.3725479551197,65.35256593254346,82.52957553419343,42.17497996756835
783.8805157212928,3202.218111616714,829.7487583057075,833.7089617762329,18.02274356238519,86.12922829839624,60.77815842461756
812.5697273205349,1029.2672695858107,107.67241634677038,816.100501658666,43.74900941423574,34.41004026922748,42.06929097384046
155.27973121376894,4605.044929401944,524.1503823741945,346.1073462026094,88.05824743742842,47.41635271086812,31.01101639257784
628.2267649954446,605.1874034180188,113.87598134450866,341.51475952999897,21.543119308631532,84.80335050297315,27.185525599362897
961.1412602025553,133.70225406823195,2843.8347935797146,298.82058021452036,0.012490653719365863,91.03985749314552,48.30017908029304
432.0311711583762,4289.231130289612,2999.932210232198,353.22880415855667,25.750871211747505,14.684149925974644,55.52808652750705
98.39688455287116,3548.4720580536437,2298.5792776775857,375.81367374625205,48.7542449176412,18.153237959148395,35.022724076017
927.1375557449846,1841.2633647443924,368.9780830671835,148.60365209078742,82.12780433019213,34.682960005493435,40.39593424398856
889.4829674938588,3017.9485589595783,2701.889107981316,362.3883840750726,64.3290900573351,77.0297828179358,56.63268234098173
546.0343748485517,1195.3660941122434,2244.139740635008,452.2795648922803,91.90634689571759,87.49811572578949,32.887174361794855
574.6404643268091,925.1092783623423,1030.1213204361593,316.25386535919193,45.55644316278935,58.024014140334536,29.4956599938702
251.15404763731866,2408.630762179742,1531.7198398363498,173.69349847597232,39.08152229570373,11.326817539323098,23.64737105314737
828.4782177674055,1830.6203656327082,2002.1900567228083,379.67629419671266,23.141821659571328,30.3748229967166,54.920283888186376
523.6700364725201,3114.6272476229315,120.94890323615013,486.0986954842715,21.806248453910413,85.70230064776317,41.82453005301183
